StoreName,StoreType,StoreOpeningDate,Address,City,State,Country,Region,Manager Name
The Radiant Sanctuary,Outlet Stores,1999-07-27,696 Hardy Mountain Burkeland  AZ 29598,Odomfort,South Dakota,Saint Pierre and Miquelon,North,Matthew
The Rustic Vault,Outlet Stores,1988-09-25,0105 Jerry Prairie Suite 738 Lake Andrewburgh  DC 35928,South Melissa,Utah,Aruba,East,Henry
The Timeless Treasures,MBO,2001-06-16,9403 Holly Spur East Robert  VI 06563,Brewertown,New York,United Kingdom,South,Monica
The Cozy Loft,Outlet Stores,1998-05-04,PSC 7673  Box 4935 APO AP 51060,North Sarahaven,Pennsylvania,Cayman Islands,South,Christine
The Elegant Corner,Outlet Stores,2013-02-17,77617 Morales Well Apt. 213 North Christina  MN 96673,Rodriguezshire,Arkansas,Brunei Darussalam,East,Scott
The Polished Haven,MBO,1978-03-21,119 Whitehead Ways Suite 459 Smithmouth  MT 68921,West Robertside,Maryland,Botswana,West,Joel
The Vintage Marketplace,Exclusive,1999-04-20,PSC 9369  Box 1640 APO AA 29765,East Angel,South Carolina,Puerto Rico,East,Jerry
The Timeless Boutique,Exclusive,2007-07-15,8807 Cathy Circle Suite 294 Edwardville  GA 28492,Herrerahaven,Virginia,French Guiana,South,Brittany
The Luxe Emporium,MBO,1983-09-19,602 Mathews Extension Apt. 844 West Hector  DE 70528,Lake Phillipton,Massachusetts,Myanmar,South,Lisa
The Enchanted Treasures,Exclusive,2005-05-25,USNS Fernandez FPO AE 62607,South Kimberly,Wisconsin,Kiribati,West,Katrina
The Classy Shop,MBO,2013-03-02,04768 Francisco Loop South Vincent  KY 70428,South Karen,Alabama,Estonia,East,Monica
The Happy Marvels,Exclusive,2016-01-19,80480 Matthew Creek Apt. 412 Brittanyfort  FM 45948,Clarkstad,Ohio,Tajikistan,West,John
The Stylish Haven,Outlet Stores,2006-06-22,451 Watson Groves Thomasfort  ME 93673,North Pamela,Massachusetts,Costa Rica,West,William
The Modern Avenue,Exclusive,1982-11-30,68126 Scott Valley Suite 511 New Alexishaven  WV 97823,East Joshua,California,Faroe Islands,West,Emma
The Trendy Shop,Exclusive,2023-08-12,53226 Patricia Circles Cindyville  NY 96168,North Drewville,Iowa,Panama,East,Gilbert
The Eclectic Boutique,Exclusive,1980-03-11,86207 Chambers Valleys Suite 560 New Sydney  KY 93129,Patriciahaven,Alabama,Congo,South,Connor
The Harmony Merchant,MBO,1996-01-27,002 Chavez Locks Robertfurt  NE 59007,Murrayside,Arkansas,Egypt,South,Victor
The Whimsy Avenue,Outlet Stores,2001-01-12,113 Small Roads Lake Jacquelinemouth  NM 93392,Kerrfort,Georgia,Somalia,South,Jose
The Shimmer Enclave,Outlet Stores,1990-09-01,3987 Nathan Mission Burtonberg  NM 58603,North Timothy,New Mexico,Sudan,East,Charles
The Urban Perfection,Exclusive,2015-07-25,PSC 0972  Box 3649 APO AA 33192,North Wesley,Maryland,Ecuador,South,Karen
The Rustic Reflections,MBO,1978-08-27,6515 Tiffany Tunnel Apt. 452 New Michael  NE 30654,Jasonmouth,Maryland,Turkmenistan,North,Matthew
The Rustic Loft,Outlet Stores,2001-01-31,528 Morales Estate Suite 160 Lake Marilynland  DE 30442,New Amandahaven,Nebraska,China,North,Daniel
The Timeless Elegance,MBO,1988-02-10,77548 Robinson Court Brandonmouth  MD 31174,Hollandburgh,Delaware,Germany,East,Stacey
The Vintage Elegance,SMB,1999-10-15,USNV Reed FPO AP 90397,Jasonview,Maine,Seychelles,West,Linda
The Trendy Merchant,SMB,1996-03-11,39315 Laura Brook Suite 951 Christinefurt  DC 94968,North Joyce,Colorado,China,South,Monica
The Shimmer Emporium,Exclusive,2003-01-28,74415 Brooks Motorway Suite 725 Fowlerfurt  IL 76912,Kathyfurt,South Carolina,Libyan Arab Jamahiriya,East,Christina
The Whimsy Shop,Outlet Stores,1981-05-26,29024 Jason Forge Suite 070 Rebeccaside  PA 71699,Port Rebeccaton,Georgia,Mauritania,West,Allison
The Cozy Reflections,MBO,2004-08-31,2719 Myers Plain Suite 378 North Donaldshire  MH 13854,South Saramouth,Maryland,Grenada,North,Sharon
The Radiant Sanctuary,MBO,2004-11-09,115 Penny Burgs Lake Mark  IN 65393,Michelleside,Illinois,Bhutan,East,Mark
The Whimsy Merchant,Outlet Stores,1971-05-29,6327 Wilkins Row Port Wayne  GA 85613,Brownburgh,Wyoming,Lao People's Democratic Republic,West,Jessica
The Timeless Treasures,Outlet Stores,1986-09-23,43605 Taylor Pike Suite 595 Port Cameronville  AS 67190,Patriciaton,Oregon,Luxembourg,West,Jennifer
The Serene Shoppe,Exclusive,1987-04-14,74928 Gross Via Apt. 649 Ronaldfort  CT 45685,South Anthony,Missouri,Hungary,South,Michael
The Radiant Treasures,SMB,2017-01-24,8149 Steven Locks Brownmouth  HI 60288,Josehaven,West Virginia,Saint Barthelemy,South,Theresa
The Urban Nook,SMB,1982-08-17,02269 Wood Rapid Suite 570 Jacobborough  NC 21414,Timothymouth,New Hampshire,Monaco,South,Carlos
The Enchanted Loft,Outlet Stores,2009-07-13,185 Hayes Highway Suite 417 Tylerport  ME 58460,North Kevin,South Carolina,Ecuador,West,Daniel
The Artisan Quest,MBO,2003-09-01,3964 Mitchell Motorway Suite 474 East Jay  TX 90062,Jessetown,Mississippi,Senegal,North,Raven
The Urban Enclave,MBO,2003-01-27,7472 Mary Common Apt. 286 Phyllischester  MH 92188,Reedport,South Carolina,Finland,South,Ashley
The Vintage Haven,Exclusive,1989-08-24,19585 Fields Trail Suite 704 North Matthewmouth  WA 96143,East Lindabury,Nevada,Saint Kitts and Nevis,West,Carol
The Luxe Quest,SMB,2015-11-05,USS Johnson FPO AE 09431,Greenfort,Tennessee,Pakistan,West,Sandra
The Artisan Boutique,Outlet Stores,1984-05-07,1511 Silva Shoals Apt. 056 Millertown  NJ 16423,Port Christopher,South Carolina,Nicaragua,South,David
The Enchanted Hub,Exclusive,2019-09-17,62108 Rebecca Turnpike Apt. 885 Karenville  IL 93343,New Kaitlynborough,New Mexico,Bermuda,West,Brian
The Serene Emporium,SMB,1973-06-16,5695 Gay Station Bennettview  MH 76085,South Sandymouth,Indiana,Timor-Leste,South,Amy
The Elegant Creations,Exclusive,2010-09-08,9522 Susan Square East Courtney  FM 70951,Port Eric,Illinois,Saint Lucia,East,James
The Dapper Shop,Exclusive,2020-05-24,315 Mary Radial Suite 491 West Jessicaport  NV 09866,Francisview,California,Bahamas,South,Amber
The Dapper Perfection,Outlet Stores,2010-12-13,139 Lisa Corners New Thomas  NE 89577,West Michaelfort,Indiana,Saint Barthelemy,West,John
The Stylish Perfection,SMB,2021-12-31,0486 Wagner Dam Apt. 492 Hannahland  IA 71901,Erinborough,Virginia,Equatorial Guinea,West,Jason
The Unique Marvels,SMB,1985-07-08,80709 Henderson Centers Suite 164 West Jesusport  OK 65972,Rodriguezview,Colorado,Seychelles,North,Brian
The Shimmer Shop,Exclusive,2003-05-18,259 Steve Ways Jacktown  OR 93917,East Erik,Arizona,Eritrea,West,Mark
The Elegant Avenue,MBO,2020-12-18,369 Dana Ports Townsendchester  AS 91568,Darrellburgh,Massachusetts,Netherlands,North,Amanda
The Enchanted Closet,Exclusive,1972-02-12,378 Ashley Glens Suite 335 Bryanville  ME 48381,Wolfeborough,North Carolina,Andorra,West,Cynthia
The Rustic Creations,Exclusive,1994-09-11,421 Montgomery Lakes Apt. 055 New Michaelbury  CT 51629,Meganport,South Carolina,United States Minor Outlying Islands,South,Curtis
The Cozy Cabinet,MBO,1998-09-24,49838 Maxwell Way Cynthiaville  CO 34629,Christopherfurt,Connecticut,Ireland,East,Natasha
The Majestic Nook,MBO,2024-05-11,30528 Melissa Village Adamsfort  WY 39326,Sanchezfurt,Maryland,North Macedonia,South,Lisa
The Golden Shop,Outlet Stores,1994-12-31,Unit 5871 Box 5842 DPO AP 17595,South Cameronfurt,Maine,Libyan Arab Jamahiriya,North,Ellen
The Polished Enclave,Exclusive,2000-10-08,402 Michael Freeway Anthonyville  NJ 96956,Martinezmouth,Wyoming,Micronesia,East,Curtis
The Radiant Marvels,MBO,1998-09-20,Unit 4607 Box 7540 DPO AE 18704,Samanthaville,Wyoming,Brunei Darussalam,North,Brandi
The Majestic Treasures,Exclusive,2020-05-25,4829 Maria Cape Suite 241 New Jamesmouth  MA 34266,Tanyaside,Maryland,Paraguay,North,Shirley
The Luxe Marketplace,SMB,2003-07-16,3768 Matthew Islands Suite 241 West Michelletown  SD 67355,Carterview,Washington,Nigeria,West,Jade
The Chic Loft,Outlet Stores,2011-08-07,233 Miller Spurs West Davidbury  NC 10369,Luceroside,Virginia,Cyprus,North,Douglas
The Unique Quest,MBO,1984-04-18,0697 Johnathan Roads Loweport  GU 82589,Rodriguezhaven,Idaho,Uruguay,East,Ralph
The Happy Sanctuary,Exclusive,2007-04-28,824 Bonilla Haven East Jefffort  GA 87750,Lake Justinbury,West Virginia,Turks and Caicos Islands,East,Dakota
The Classy Loft,Outlet Stores,2016-06-23,2230 Jason Lake Suite 405 Port Tinaborough  IL 82634,Thomasport,Maryland,Netherlands,West,Lauren
The Serene Creations,SMB,2021-01-21,29371 Tanner Junctions Apt. 032 Millsfort  ID 52003,Virginiaview,Minnesota,Switzerland,West,Lorraine
The Harmony Boutique,Outlet Stores,2018-03-10,2942 Smith Forges Apt. 874 Sharonview  MH 78040,New Tina,Hawaii,Lithuania,North,Corey
The Shimmer Boutique,Outlet Stores,1998-05-01,79958 Gonzalez Plaza East Curtischester  SC 55394,New Joshua,Idaho,Denmark,East,Jennifer
The Enchanted Haven,MBO,1979-03-31,800 Holloway Ways East Frank  LA 64842,Kaylashire,Michigan,Bahrain,South,Stuart
The Dapper Shop,MBO,2022-02-18,46727 Sandra Causeway Petersonfort  AR 87532,Adrianfurt,Alaska,Hong Kong,North,Justin
The Luxe Quest,Exclusive,1998-12-06,760 Brown Parks South Samanthahaven  KY 99111,North Amanda,New Mexico,Romania,East,Patricia
The Luxe Oasis,SMB,2001-09-21,51308 Stanley Ville Courtneyville  WI 01057,Port Mirandashire,Missouri,Gabon,North,Brandon
The Happy Vault,Exclusive,2016-08-16,88898 Valerie Mountain South Brian  SC 40667,New Christopherberg,South Carolina,Kuwait,East,Ashley
The Artisan Merchant,MBO,2020-10-30,0638 Wright Spur Alexanderburgh  OK 40792,East Julieburgh,Hawaii,Algeria,West,Tara
The Polished Haven,Outlet Stores,1970-08-25,06114 Williams Cape Apt. 125 Kleinshire  HI 11536,South Kaylaville,Missouri,Burkina Faso,West,Bruce
The Luxe Oasis,MBO,2006-08-09,PSC 3963  Box 8602 APO AP 15062,Lake Timothyside,Nevada,United Kingdom,North,Aaron
The Luxe Creations,Exclusive,1987-12-27,8628 Brandt Burgs Suite 855 Bradleyshire  AS 88053,Rachelmouth,Nebraska,Reunion,West,Henry
The Purely Haven,Outlet Stores,1977-12-10,011 Eric Brook Suite 302 New Codyborough  MI 91261,Port Jose,Pennsylvania,Argentina,East,Steven
The Chic Quest,SMB,2015-03-09,978 Walton Drive Suite 645 New Stephanieburgh  SD 10565,Lake Ronald,Idaho,Netherlands,East,Sarah
The Modern Elegance,Outlet Stores,2015-12-13,133 James Centers North Jesusfurt  SC 43439,Brandiburgh,Massachusetts,France,North,Christina
The Vintage Finds,Exclusive,1994-05-08,6025 Steven Course Dunnport  LA 86678,South Deanna,North Carolina,Colombia,North,Paul
The Luxe Creations,Exclusive,2012-01-14,6697 Martinez Fall East Heatherchester  NM 78753,Higginsport,Colorado,Isle of Man,North,Kayla
The Stylish Treasures,Outlet Stores,1999-05-02,79898 Wood Summit North Dean  WV 47530,Wrightmouth,North Dakota,Andorra,East,Jean
The Elegant Deals,MBO,2010-10-20,1369 Robin Shores Apt. 064 Sandrabury  SD 31121,Michaelmouth,Michigan,Russian Federation,East,Sara
The Chic Deals,MBO,2010-09-13,181 Brittney Manor Suite 806 South Patricia  SD 59145,Port Kevinmouth,Hawaii,Gabon,North,Misty
The Serene Corner,MBO,2008-09-23,91331 Bailey Club Gonzalesberg  RI 40739,Mclaughlinburgh,Pennsylvania,Indonesia,East,John
The Eclectic Nook,MBO,1977-11-05,318 Aaron Inlet East Laurie  MS 62931,West Jennifershire,New Jersey,Lesotho,East,Matthew
The Whimsy Finds,Outlet Stores,1990-01-17,USNV Lucas FPO AE 68893,Juanland,West Virginia,Cocos (Keeling) Islands,South,Steven
The Vintage Treasures,Exclusive,2020-07-08,09165 Gonzalez Parks Suite 947 Courtneyburgh  WV 05316,Port Taylor,Mississippi,Australia,East,Eric
The Golden Enclave,MBO,1982-11-26,05916 Zachary Light Apt. 866 New Gregoryshire  MS 17782,Michelebury,Maryland,Tonga,West,Nicole
The Happy Emporium,MBO,2001-03-10,4355 Gonzales Island North Mark  WA 74062,Johnburgh,Louisiana,Bouvet Island (Bouvetoya),East,Shane
The Rustic Deals,SMB,1988-03-19,940 Sheila Dam Kendraport  WA 41231,New Glenn,Alaska,Anguilla,North,Jacob
The Unique Boutique,Exclusive,1978-10-31,3738 Christopher Ports New Jessicafurt  AS 36828,East Michaelport,Delaware,Slovenia,South,Matthew
The Classy Loft,Outlet Stores,2007-11-08,30623 Nicole Crescent Apt. 712 Jadetown  IL 41619,Thomasport,Delaware,Uruguay,East,Shannon
The Modern Deals,Outlet Stores,1986-09-02,PSC 7975  Box 3470 APO AP 63425,Davishaven,South Dakota,Moldova,West,Janice
The Classy Essentials,Outlet Stores,2017-03-30,3567 Jones Rest Apt. 327 Lake Joshuabury  WI 48379,Pettyland,New Mexico,Marshall Islands,East,James
The Blissful Oasis,Exclusive,1983-04-17,84012 Oliver Dam North Lisachester  NJ 34892,North Elizabethville,Maryland,El Salvador,East,James
The Enchanted Deals,SMB,2015-08-06,117 Moss Villages Suite 005 Garciafort  ID 99229,Lake Sarahbury,Pennsylvania,Comoros,South,Eric
The Serene Treasures,Exclusive,1978-03-12,997 Foster Way Lake Davidside  VI 22472,Port Mikebury,Illinois,New Caledonia,West,Jennifer
The Urban Perfection,SMB,1989-07-01,3330 Grant Ferry Apt. 514 Christiehaven  KY 02099,Danaview,Florida,Venezuela,North,Danny
The Serene Shop,Exclusive,1986-01-12,5108 Baker Coves Suite 072 North Daveton  NE 54794,South Ronald,Iowa,Tonga,South,Brittney
The Majestic Oasis,Outlet Stores,1973-10-19,52121 Russo Circles Angelahaven  WV 59811,Lake Stephanie,Minnesota,Czech Republic,West,Suzanne
The Dapper Avenue,Outlet Stores,1975-11-23,0499 Kennedy Pike New Matthewberg  MI 72721,Pattersontown,Georgia,Vanuatu,East,Heather
