DateID,ProductID,StoreID,CustomerID,QuantityOrderded,OrderAmount,DiscountAmount,Shipping Cost,TotalAmount
20250728,825,69,916,15,667,19.630198072157896,76.23510046681781,571.1347014610243
20250728,638,69,123,3,123,3.6543447501598716,8.8426815645482,110.50297368529192
20250728,65,69,678,15,907,40.46454288000962,76.87006240834711,789.6653947116433
20250728,784,69,430,4,762,88.28789899687632,95.55376982581438,578.1583311773093
20250728,294,69,702,5,821,59.52192184205517,47.81388835328428,713.6641898046605
20250728,211,69,867,2,595,27.449538405263308,43.51981571564937,524.0306458790873
20250728,327,69,28,10,838,27.655302761001444,42.39016434507544,767.9545328939231
20250728,632,69,781,20,770,68.50772529718624,78.44903016990801,623.0432445329058
20250728,776,69,37,15,422,10.259953119439533,51.07336144502364,360.6666854355368
20250728,895,69,198,16,655,86.12434229411129,70.39840525974054,498.47725244614816
20250728,788,69,649,15,230,19.377303681903687,27.0314276368353,183.591268681261
20250728,467,69,52,12,140,18.04137558833329,17.6489604009315,104.30966401073522
20250728,904,69,72,13,864,93.59291989124108,118.1872194394341,652.2198606693248
20250728,4,69,100,17,698,43.2003750516493,101.846808814504,552.9528161338467
20250728,470,69,243,10,505,58.194562382598384,36.270628327500006,410.5348092899016
20250728,1,69,774,17,985,34.85160857263309,93.61757846475312,856.5308129626138
20250728,201,69,575,17,623,37.36160189133908,62.828648159440576,522.8097499492203
20250728,700,69,953,20,345,22.240622701676685,33.94702885148232,288.812348446841
20250728,372,69,448,12,242,7.1294420225372725,28.984827346040852,205.8857306314219
20250728,254,69,624,5,546,70.7080592995297,41.19567515442371,434.0962655460466
20250728,475,69,744,20,511,18.495303728303817,46.747197610166275,445.7574986615299
20250728,193,69,759,4,472,63.185050103597455,38.66166344349381,370.15328645290873
20250728,650,69,781,4,533,22.419058198137943,51.34021206971097,459.24072973215107
20250728,440,69,213,4,415,32.37489996900806,41.2950285477256,341.33007148326635
20250728,271,69,256,18,791,20.15446667646645,102.2317649888975,668.613768334636
20250728,969,69,77,15,455,37.845797092618135,29.060601794244192,388.09360111313765
20250728,497,69,157,10,769,20.818312745889664,68.09766845506216,680.0840187990482
20250728,711,69,721,19,275,22.966494633262386,36.20041665551057,215.83308871122705
20250728,134,69,513,14,143,13.76140858791443,11.686944508217264,117.5516469038683
20250728,928,69,916,8,462,27.53547690142895,55.99161711548497,378.4729059830861
20250728,661,69,192,19,276,38.94832571974664,17.080510165890317,219.97116411436303
20250728,905,69,579,6,375,21.92730572105058,33.470064185421826,319.6026300935276
20250728,967,69,748,7,680,84.58861028066313,86.1795043097071,509.23188540962974
20250728,297,69,576,6,629,36.836555298585495,77.67509135549209,514.4883533459224
20250728,2,69,662,6,440,57.068703280856624,53.52859899969917,329.4026977194442
20250728,657,69,484,15,233,9.229672041153648,32.181999915403985,191.58832804344237
20250728,753,69,534,11,530,12.074021025284583,29.90716159357045,488.01881738114497
20250728,850,69,575,4,245,8.634827851092538,20.012852651517637,216.35231949738983
20250728,542,69,186,2,651,25.90672945023604,39.533937852256656,585.5593326975073
20250728,776,69,983,15,753,86.8536890828147,80.42057052367751,585.7257403935077
20250728,349,69,425,8,602,78.68494246311697,51.03345561190459,472.2816019249784
20250728,925,69,402,9,166,7.25060098425244,19.73731585389975,139.0120831618478
20250728,661,69,689,3,871,90.70589352911541,78.75103866634899,701.5430678045357
20250728,757,69,265,10,159,15.145694075354335,21.790264966198162,122.0640409584475
20250728,730,69,584,12,459,48.2314602338251,40.7361911518854,370.0323486142895
20250728,196,69,986,3,906,111.01151329886434,88.84600567765422,706.1424810234814
20250728,959,69,994,16,393,14.008928990403433,53.40278795775913,325.58828305183744
20250728,14,69,928,4,461,23.682628975076007,42.326766404898024,394.990604620026
20250728,146,69,401,14,224,28.714603959060245,33.16203712295073,162.12335891798904
20250728,5,69,503,6,985,57.33534767691364,106.53943321999893,821.1252191030874
20250728,151,69,714,19,156,12.775633003235592,16.74445598396904,126.47991101279537
20250728,117,69,330,9,583,52.12354072841273,55.61011419990209,475.2663450716852
20250728,589,69,826,14,162,15.4059364447466,15.05657778746176,131.53748576779165
20250728,294,69,40,15,108,3.5596011394084677,15.909358418957087,88.53104044163445
20250728,122,69,682,4,851,120.4760298931079,67.9202674422479,662.6037026646442
20250728,582,69,900,7,340,33.142664193326496,31.923093546890733,274.93424225978276
20250728,469,69,394,20,114,5.0018759457494415,8.511605438649077,100.48651861560148
20250728,310,69,67,7,464,30.823261235563947,27.677190290830623,405.49954847360544
20250728,778,69,345,7,985,145.73018490975227,49.866037559297915,789.4037775309498
20250728,952,69,221,6,202,13.241482686405307,22.57268493444495,166.18583237914976
20250728,181,69,215,4,114,4.864695460457757,15.380338269784401,93.75496626975784
20250728,714,69,260,7,468,65.78170587275676,43.18067243908228,359.0376216881609
20250728,263,69,709,13,311,8.214210180128989,27.62781356569568,275.1579762541753
20250728,904,69,876,11,333,39.364335234662136,17.337765422849,276.29789934248885
20250728,951,69,505,9,823,105.79592443921362,112.74615822088904,604.4579173398973
20250728,950,69,147,11,692,46.36721362924065,82.35440942942273,563.2783769413365
20250728,818,69,637,12,806,109.22150085176588,120.48329582648519,576.2952033217489
20250728,239,69,923,8,162,22.435558390753705,11.834039952584767,127.73040165666153
20250728,101,69,586,3,133,4.43134278776293,15.141870908880977,113.4267863033561
20250728,296,69,520,15,381,36.118864445593466,26.884212055982434,317.9969234984241
20250728,599,69,652,6,686,74.35305984596332,55.890496879305076,555.7564432747316
20250728,683,69,428,17,388,41.72610567534714,30.65035784812753,315.6235364765253
20250728,13,69,531,7,910,115.9155046113335,81.853780546686,712.2307148419804
20250728,673,69,370,15,605,74.3052557953695,67.89568759392378,462.7990566107067
20250728,868,69,528,2,495,37.72389170389263,28.327034812257732,428.94907348384965
20250728,336,69,607,7,697,78.88521938904623,97.17381230599909,520.9409683049547
20250728,585,69,704,12,521,39.529196685194144,31.751016900295028,449.71978641451085
20250728,629,69,430,2,993,55.27402596604967,94.50499133326647,843.2209827006839
20250728,517,69,514,12,880,109.08519844093371,122.61953203027674,648.2952695287895
20250728,348,69,204,3,963,99.49089859461296,60.341902090021684,803.1671993153653
20250728,933,69,696,8,181,14.222354303297301,25.517154374098908,141.2604913226038
20250728,555,69,264,3,113,7.285357455432189,6.957009369641721,98.75763317492608
20250728,116,69,683,8,739,60.155942837176646,83.72196818221818,595.1220889806052
20250728,585,69,821,20,777,75.0520919738418,72.12173089092157,629.8261771352367
20250728,674,69,385,4,351,28.6649739815879,38.838214872406404,283.4968111460057
20250728,499,69,82,1,340,7.42776838552045,32.97280968599211,299.59942192848746
20250728,186,69,597,7,797,21.190552541172185,80.91604919775429,694.8933982610736
20250728,711,69,255,19,579,25.278913003837644,73.00002602012543,480.72106097603694
20250728,750,69,507,10,446,57.53426567485234,66.27125189153048,322.19448243361717
20250728,257,69,826,4,277,13.2182227807447,25.923728041689362,237.85804917756593
20250728,542,69,939,3,216,19.56474595638794,14.016327032078532,182.41892701153353
20250728,177,69,162,2,139,3.233425857049801,7.23373222802492,128.53284191492529
20250728,980,69,460,7,610,67.5361587717393,60.09999899575465,482.36384223250604
20250728,851,69,593,3,808,106.7641265795316,109.65741008245608,591.5784633380123
20250728,29,69,965,9,829,46.74078940947265,82.44495624870207,699.8142543418253
20250728,293,69,118,14,543,41.27803173722944,67.54332741054576,434.1786408522248
20250728,46,69,676,6,832,111.35241868967937,116.2725892612561,604.3749920490645
20250728,651,69,500,6,621,41.262865418919525,72.41151615599415,507.3256184250863
20250728,836,69,562,2,548,25.426237164206803,69.94759189902656,452.62617093676664
20250728,21,69,490,20,264,7.841064533078076,31.20260141790112,224.9563340490208
20250728,473,69,531,2,137,16.768866123372177,16.442396448893444,103.78873742773438
20250728,459,69,456,17,289,19.4272630592854,19.012176397653857,250.56056054306075
20250728,501,69,930,10,366,47.39510468370958,44.768365985686216,273.8365293306042
20250728,931,69,371,2,280,31.91779950828692,14.49904612596693,233.58315436574617
20250728,663,69,863,12,599,61.86953379590387,73.01924679663747,464.11121940745863
20250728,989,69,745,6,779,76.09432958615689,110.56904811409521,592.3366222997479
20250728,699,69,191,16,453,29.457541497909904,25.626622136887715,397.9158363652024
20250728,271,69,950,12,408,19.73686210306347,57.308393863023134,330.9547440339134
20250728,989,69,439,2,821,19.009021524129412,107.81333077910313,694.1776476967675
20250728,392,69,514,2,729,65.2855363674982,91.3548294627641,572.3596341697378
20250728,663,69,755,16,789,54.43098222508919,67.84742635374619,666.7215914211646
20250728,60,69,136,14,532,54.60807298050748,67.95947395859962,409.4324530608929
20250728,392,69,240,7,376,54.33048985594302,50.543459115806215,271.1260510282508
20250728,735,69,98,1,527,64.1422045325966,61.91882890697972,400.9389665604237
20250728,927,69,15,16,590,36.421314532421,32.516744817172714,521.0619406504063
20250728,673,69,334,18,958,73.76891431512952,139.7895128490694,744.441572835801
20250728,881,69,225,17,301,37.16714098682062,30.41773555317316,233.4151234600062
20250728,58,69,660,1,396,52.54132711280852,58.169317097370914,285.28935578982055
20250728,70,69,275,12,985,27.084469691660722,146.92243752244744,810.9930927858918
20250728,819,69,689,1,589,20.60913634383033,43.849536532865955,524.5413271233037
20250728,828,69,973,2,769,101.50633082423475,49.669712355242815,617.8239568205224
20250728,918,69,578,10,111,15.69992447952848,5.969400119220903,89.33067540125062
20250728,573,69,120,8,664,47.756387626228914,92.15813037531527,524.0854819984559
20250728,347,69,491,14,546,42.445012466270164,75.15078211770971,428.4042054160201
20250728,651,69,329,20,765,36.175805646767465,70.31863011845253,658.50556423478
20250728,261,69,240,16,772,29.45309814074495,82.3949330933188,660.1519687659363
20250728,959,69,982,20,627,46.209072060251636,35.29005465963518,545.5008732801132
20250728,461,69,734,5,400,36.67644770591947,41.89013306575093,321.4334192283296
20250728,269,69,498,5,285,33.48875896519564,39.933418739223214,211.57782229558114
20250728,920,69,687,20,469,15.2765458490258,48.3914508311748,405.3320033197994
20250728,915,69,463,3,882,83.01211163311972,118.66159965368426,680.326288713196
20250728,137,69,129,15,504,21.76526128144757,46.73368745915342,435.501051259399
20250728,677,69,160,7,559,47.41575341235549,46.50065960605198,465.08358698159253
20250728,526,69,929,1,725,50.53033951808398,74.15216741829745,600.3174930636186
20250728,575,69,987,16,285,19.90731144513969,39.58460810089422,225.5080804539661
20250728,712,69,537,9,407,32.71981594321429,37.89607172138833,336.3841123353974
20250728,548,69,651,12,444,29.125221319670896,61.60059190085529,353.2741867794738
20250728,433,69,818,8,286,35.44528090710227,29.79437385688805,220.76034523600967
20250728,685,69,791,1,379,41.6385259679956,25.909226987099114,311.4522470449053
20250728,583,69,252,5,747,44.43030471092672,60.09668948953387,642.4730057995394
20250728,543,69,708,4,929,113.65191979295666,130.16529689560005,685.1827833114432
20250728,544,69,190,11,183,13.611561338040255,12.66492211845403,156.72351654350572
20250728,634,69,113,4,769,66.76040410244671,66.70919163898726,635.530404258566
20250728,443,69,28,8,676,73.93107702557566,79.04820136353541,523.0207216108889
20250728,251,69,852,14,911,114.16086846599109,126.81271146758355,670.0264200664253
20250728,587,69,81,10,158,9.571736223751454,21.281304649624634,127.14695912662391
20250728,861,69,413,18,324,31.783255698071212,39.99934330729741,252.21740099463136
20250728,104,69,548,7,365,41.9819175516522,36.891862201125065,286.1262202472227
20250728,246,69,430,8,788,63.44825007034389,64.87816425117289,659.6735856784833
20250728,999,69,726,8,638,34.184732215965106,53.93354707473687,549.8817207092981
20250728,689,69,829,5,674,45.31851254713946,71.54603361434461,557.1354538385159
20250728,339,69,586,8,489,48.732169384185895,26.229715925481656,414.03811469033246
20250728,612,69,972,2,352,39.28599395730676,26.656454374310936,286.0575516683823
20250728,321,69,301,8,804,86.09415138662234,96.16178185137613,621.7440667620015
20250728,485,69,2,5,764,106.65027945367578,83.850333008756,573.4993875375683
20250728,353,69,456,15,372,24.166617431896356,37.835772477074286,309.99761009102934
20250728,903,69,206,1,195,20.649317538357554,15.114133513020812,159.23654894862165
20250728,453,69,825,11,205,26.491902910095416,27.2935291161054,151.21456797379918
20250728,975,69,725,15,327,24.42565825464185,26.387814569961375,276.1865271753968
20250728,831,69,450,16,955,106.35554137785891,136.19591742302316,712.4485411991179
20250728,497,69,661,1,434,28.34257332673239,27.011018270631265,378.6464084026363
20250728,526,69,627,2,308,24.970881073336407,29.818906606995387,253.2102123196682
20250728,219,69,812,3,148,10.58318362378154,15.19636165852254,122.22045471769593
20250728,941,69,12,10,448,41.726554145085835,43.22011908681243,363.0533267681017
20250728,996,69,532,9,915,66.81863893961639,132.26644815771263,715.914912902671
20250728,459,69,695,16,226,5.352073312115472,13.373562681771649,207.27436400611288
20250728,364,69,636,8,545,47.61423123498171,53.35309250976274,444.0326762552555
20250728,541,69,486,13,269,15.828761607620264,30.93300731146167,222.23823108091807
20250728,6,69,124,10,387,51.42519653123503,37.381216830623956,298.193586638141
20250728,25,69,741,3,685,76.94823924683334,95.38888234485516,512.6628784083115
20250728,676,69,185,16,431,35.15148403839781,41.21450148598364,354.6340144756185
20250728,598,69,596,7,732,95.90361906681107,75.43410722455177,560.6622737086371
20250728,342,69,855,17,336,46.222174936765555,17.336135925461157,272.44168913777327
20250728,180,69,102,7,817,81.07016657852165,66.20392149293602,669.7259119285424
20250728,121,69,212,11,479,61.21058556429179,38.21554196133038,379.5738724743778
20250728,234,69,595,2,834,113.54466373298438,100.26973476637271,620.1856015006429
20250728,554,69,419,2,831,22.765576332889342,84.93445322600105,723.2999704411096
20250728,916,69,816,19,287,7.931007932988686,29.264050439955238,249.80494162705608
20250728,289,69,550,5,168,22.969852617903143,15.164362089099768,129.8657852929971
20250728,432,69,317,20,223,30.581701030179303,18.749832805709264,173.66846616411144
20250728,44,69,502,1,562,27.106640958296357,30.458775556264218,504.4345834854394
20250728,648,69,254,20,889,25.380503730702564,73.37377012996663,790.2457261393308
20250728,408,69,282,10,455,27.139713892829942,49.07265778126985,378.7876283259002
20250728,468,69,590,13,891,118.37284002046479,132.1917366156336,640.4354233639016
20250728,400,69,754,7,871,30.810321792002213,62.1006782227266,778.0889999852711
20250728,965,69,154,1,738,106.93335174423943,92.31333163686853,538.7533166188921
20250728,82,69,168,3,310,23.497982095932546,39.7422209499265,246.75979695414094
20250728,533,69,380,7,540,40.311908109322616,43.80779764381748,455.8802942468599
20250728,869,69,627,14,771,25.853940166640715,66.04479921817052,679.1012606151887
20250728,134,69,894,4,751,44.93025881049872,80.4815380460796,625.5882031434217
20250728,9,69,793,10,637,82.79650707687878,68.12602866235136,486.07746426076983
20250728,380,69,646,15,813,18.863760847190612,107.85234636286692,686.2838927899425
20250728,666,69,825,14,924,62.91464475889013,135.73090689869906,725.3544483424108
20250728,770,69,595,10,722,55.71240761647563,50.504026629583116,615.7835657539413
20250728,801,69,652,10,437,25.472198879680278,48.120088224078295,363.40771289624143
20250728,216,69,261,7,972,24.807967892984674,60.91773574468053,886.2742963623348
20250728,439,69,705,18,529,66.89669086566407,75.04538148407356,387.0579276502624
20250728,385,69,332,18,357,25.30960147611065,45.048931470162785,286.64146705372656
20250728,447,69,443,18,970,117.9416853901686,104.25112085511061,747.8071937547209
20250728,105,69,61,4,285,20.408095538269777,21.006813236414654,243.58509122531558
20250728,899,69,602,14,183,16.94819913924849,9.82074066535264,156.23106019539887
20250728,790,69,743,8,326,12.115172789237121,29.275892443946784,284.6089347668161
20250728,375,69,851,9,639,59.502383358842074,90.02557010068183,489.4720465404761
20250728,299,69,715,17,788,55.28505266128425,55.281543837557436,677.4334035011583
20250728,131,69,217,19,451,30.567841625236156,27.92102063428082,392.51113774048304
20250728,498,69,230,13,553,81.01333853375084,48.81514772456666,423.1715137416825
20250728,959,69,593,12,179,7.8229599637583735,9.809650549498379,161.36738948674326
20250728,400,69,3,12,678,42.7152168203578,38.26625960591713,597.0185235737251
20250728,158,69,27,16,890,106.17323885854546,91.86894548031907,691.9578156611354
20250728,810,69,59,12,605,44.08572715710629,34.762630200483045,526.1516426424107
20250728,285,69,553,16,841,29.313533810845506,75.53997662619636,736.1464895629581
20250728,611,69,9,7,491,31.511401522710663,35.49054351858799,423.99805495870135
20250728,308,69,214,1,814,40.64927881163168,86.01111264866817,687.3396085397002
20250728,657,69,525,20,544,53.464107509106654,35.17195726315959,455.36393522773375
20250728,445,69,797,8,378,37.1341708716461,26.59604918854653,314.2697799398074
20250728,924,69,277,16,836,18.467646875686718,118.90963981948481,698.6227133048285
20250728,768,69,402,7,533,53.11702467441226,28.49428650547876,451.388688820109
20250728,41,69,801,11,377,8.827271776977003,54.65557578696271,313.5171524360603
20250728,186,69,303,11,185,5.626618248513519,27.45867224023144,151.91470951125504
20250728,72,69,585,3,852,37.67546183566263,113.86555017760581,700.4589879867316
20250728,544,69,938,13,728,96.47573931625624,77.6052305778886,553.9190301058552
20250728,396,69,718,1,116,13.710358398302903,16.88200470428579,85.40763689741131
20250728,95,69,689,2,749,85.55120588859415,64.41402462191076,599.0347694894951
20250728,682,69,154,10,597,43.093633697168286,68.89068260981132,485.0156836930204
20250728,133,69,601,14,317,17.028718466031577,43.686994321663576,256.28428721230483
20250728,555,69,931,6,150,9.327669555625745,19.63706192468416,121.03526851969009
20250728,611,69,583,2,635,89.39944181843065,46.86139728334067,498.73916089822865
20250728,371,69,375,11,408,60.06531726550796,26.650939711232763,321.28374302325926
20250728,865,69,159,13,119,13.43877875933701,9.75951962890062,95.80170161176237
20250728,297,69,247,2,761,66.00253565166517,77.22745166219761,617.7700126861372
20250728,654,69,954,8,874,112.53387654163363,67.40763097232976,694.0584924860366
20250728,23,69,403,12,294,33.7854831330625,32.5153220667683,227.6991948001692
20250728,403,69,677,16,331,22.031412092805922,47.31022888229471,261.65835902489937
20250728,587,69,251,1,946,29.1357402017206,116.41561612771773,800.4486436705616
20250728,949,69,347,11,852,38.62054792372688,104.02726969388466,709.3521823823885
20250728,209,69,611,16,936,29.726531987663456,59.00267657928319,847.2707914330533
20250728,149,69,44,12,279,6.622715243310054,26.96466485285343,245.41261990383651
20250728,751,69,717,15,795,35.30553451681655,106.58451187945619,653.1099536037273
20250728,442,69,55,20,893,103.35930576529398,110.88229932520908,678.7583949094969
20250728,33,69,231,10,284,23.293169237286204,24.855959231457735,235.85087153125608
20250728,122,69,395,17,397,48.91181727856659,27.627375215270504,320.4608075061629
20250728,26,69,285,17,526,58.81147543468427,78.65431656565495,388.5342079996608
20250728,461,69,964,7,542,29.890812882152982,65.43004512544958,446.67914199239743
20250728,233,69,414,4,177,14.436713404685136,16.558575865360453,146.0047107299544
20250728,514,69,995,5,842,100.82456065557686,119.5871476580843,621.5882916863388
20250728,964,69,290,5,743,54.67392127458532,61.25245639257687,627.0736223328378
20250728,804,69,919,10,555,25.432227049323377,78.09070313751943,451.4770698131572
20250728,647,69,498,3,164,5.969488779204714,23.706191819611707,134.32431940118357
20250728,560,69,402,4,448,12.290987052284523,22.422290789157763,413.2867221585577
20250728,624,69,532,19,568,17.325252621266195,29.52728716567531,521.1474602130585
20250728,809,69,106,10,450,37.44685571460502,43.22911707068762,369.32402721470737
20250728,581,69,70,4,880,129.62594063290356,109.31342310165535,641.0606362654411
20250728,123,69,623,5,558,69.00423559940324,57.78909174181179,431.20667265878495
20250728,677,69,354,4,849,59.76389104473489,47.87616186918613,741.359947086079
20250728,905,69,676,6,442,55.18315445499589,61.92753631482381,324.8893092301803
20250728,743,69,814,4,984,23.373470885675,129.1084599949974,831.5180691193276
20250728,826,69,27,6,503,74.63365370495427,65.99021407857592,362.37613221646984
20250728,574,69,766,10,479,20.87886377677908,54.74942756828446,403.37170865493647
20250728,28,69,833,7,845,49.446768244044186,103.60331245437207,691.9499193015838
20250728,771,69,927,2,882,107.67940893612288,73.34361598796825,700.9769750759089
20250728,212,69,149,11,125,6.270326532086572,10.045808156697738,108.6838653112157
20250728,787,69,745,12,886,105.90450017000964,125.108183691224,654.9873161387663
20250728,181,69,282,19,499,42.86437956612424,63.839910680850465,392.2957097530253
20250728,207,69,263,19,196,12.529083303848745,13.48398815324428,169.98692854290698
20250728,88,69,636,4,803,75.56119111880093,87.28169505072397,640.157113830475
20250728,40,69,654,19,590,12.253189400765036,87.70416559300584,490.0426450062291
20250728,323,69,568,7,578,50.95601910424951,57.84007218449169,469.2039087112588
20250728,994,69,599,2,530,11.961230329350855,42.53202952574362,475.5067401449055
20250728,71,69,332,16,942,46.92136053167005,49.33889132742077,845.7397481409092
20250728,839,69,278,2,761,44.66492033604587,73.20156082798005,643.1335188359741
20250728,925,69,379,2,464,30.53454693088308,63.12531231857076,370.3401407505462
20250728,385,69,96,13,631,45.49644453745613,50.89476208446349,534.6087933780803
20250728,861,69,757,6,197,6.336064690914829,27.29419756458773,163.36973774449746
20250728,504,69,160,2,457,53.57730515740621,38.815127899205066,364.60756694338875
20250728,144,69,26,19,707,70.13062589262377,46.213706395072876,590.6556677123034
20250728,106,69,468,17,414,42.162054994010134,32.59890052853195,339.2390444774579
20250728,888,69,592,20,914,118.84416053211635,62.83944315287877,732.3163963150049
20250728,867,69,93,17,355,39.69520184105952,23.747620687177736,291.55717747176277
20250728,38,69,325,13,122,15.355396876865756,17.3086630196229,89.33594010351135
20250728,138,69,163,4,920,23.486567917411843,126.80974691047773,769.7036851721105
20250728,769,69,177,17,270,13.94591581246458,22.187348343159268,233.86673584437614
20250728,468,69,351,4,883,124.84522048327632,50.76965018164664,707.3851293350771
20250728,745,69,258,16,963,76.5503515040495,87.22482670357533,799.2248217923752
20250728,908,69,454,20,990,67.18389222676471,86.32346974158074,836.4926380316546
20250728,883,69,492,14,210,25.10747717909258,21.108512913120332,163.7840099077871
20250728,47,69,853,18,558,66.46429122267303,74.84752298873971,416.68818578858725
20250728,432,69,69,1,946,55.72033594879887,87.13272565479913,803.146938396402
20250728,197,69,848,10,456,28.805966456380254,58.96411465490843,368.2299188887113
20250728,852,69,894,3,827,34.49555108978006,71.73082106248717,720.7736278477328
20250728,398,69,577,17,580,32.45290443404256,73.28090609876077,474.2661894671967
20250728,779,69,855,8,656,13.737159694320626,68.15610751184134,574.1067327938381
20250728,155,69,419,8,350,17.677968995216442,24.62340645831427,307.6986245464693
20250728,773,69,387,5,932,109.69564799743522,97.55042522238098,724.7539267801837
20250728,456,69,195,3,938,44.072431579933905,93.68712533610925,800.2404430839568
20250728,241,69,989,17,223,17.851270320804016,19.637350482200038,185.51137919699596
20250728,348,69,4,19,716,55.92625036523247,41.99753977426512,618.0762098605024
20250728,511,69,688,16,966,84.2367945680259,120.30635172633353,761.4568537056406
20250728,240,69,317,18,330,7.16130042324372,19.689140651512766,303.1495589252435
20250728,952,69,161,15,417,26.40282071890639,61.55924224077649,329.0379370403171
20250728,612,69,322,15,328,17.22317898654103,40.011739589110974,270.765081424348
20250728,704,69,238,12,565,68.10944920665008,84.11239676864773,412.7781540247022
20250728,498,69,918,11,913,46.76937428713842,67.53214595473038,798.6984797581312
20250728,989,69,595,4,803,41.38780099869238,73.8013584051542,687.8108405961534
20250728,625,69,158,12,696,31.946669654286797,96.27364651478308,567.7796838309301
20250728,991,69,175,4,736,15.952782915029523,58.140228551151374,661.9069885338191
20250728,259,69,760,18,136,11.507872332880092,9.622737657276774,114.86939000984313
20250728,337,69,894,9,420,59.49242947746675,42.910090437684545,317.5974800848487
20250728,194,69,418,3,208,11.108806743329508,30.80472033817117,166.08647291849934
20250728,53,69,589,12,362,8.944300633611356,35.45160644123055,317.6040929251581
20250728,757,69,991,6,483,31.43773789069301,51.84460128141728,399.7176608278897
20250728,464,69,809,19,942,89.18555075556844,47.44741387506179,805.3670353693698
20250728,526,69,409,19,979,116.30755685354636,145.93023096904415,716.7622121774095
20250728,941,69,1,10,345,45.706101146951276,49.64918262774438,249.64471622530434
20250728,74,69,620,16,672,41.21824737348019,59.16610439924253,571.6156482272772
20250728,582,69,303,19,959,118.7496639172504,70.75512249622481,769.4952135865248
20250728,390,69,687,5,396,29.641665510394734,59.30967998864414,307.0486545009611
20250728,593,69,159,1,631,86.84740518176113,77.79218172292008,466.3604130953188
20250728,845,69,248,10,184,3.9136806287896473,10.664061817012302,169.42225755419804
20250728,918,69,185,7,1000,98.83222842178914,75.9587821414204,825.2089894367905
20250728,831,69,102,2,532,17.753447861717284,75.7536081988324,438.49294393945036
20250728,543,69,676,9,355,11.924472663619476,42.84138062772425,300.2341467086563
20250728,972,69,340,13,511,64.62333877292636,29.30180649795347,417.07485472912015
20250728,372,69,724,12,999,85.51289133406183,52.00447695150987,861.4826317144283
20250728,683,69,93,13,428,15.837997797364542,23.911211807086598,388.25079039554885
20250728,368,69,173,5,626,29.71203346350412,75.88995728408231,520.3980092524135
20250728,42,69,778,6,877,77.534538526445,60.463308535687545,739.0021529378674
20250728,466,69,998,18,930,96.0067349361969,62.686362578718544,771.3069024850845
20250728,321,69,410,5,198,6.73352071383973,19.08368521808359,172.18279406807667
20250728,236,69,911,4,467,47.05996801037442,50.95442928575003,368.98560270387554
20250728,53,69,687,13,357,11.567084162855856,21.073999251874827,324.3589165852693
20250728,767,69,336,14,235,21.474400759741393,14.1232716826957,199.4023275575629
20250728,53,69,998,3,241,20.41201968766753,20.918901948164343,199.66907836416812
20250728,576,69,474,10,640,41.99805351979158,49.14028361515524,548.8616628650532
20250728,475,69,289,10,316,35.81576432201915,25.6982149865186,254.48602069146224
20250728,573,69,199,19,954,88.59598575172951,87.02680804253231,778.3772062057382
20250728,553,69,680,14,282,24.049150026037672,31.189782790917153,226.76106718304516
20250728,649,69,869,6,124,16.745403230893043,14.824987638721398,92.42960913038556
20250728,468,69,416,8,420,22.773639136560725,49.10832629253213,348.1180345709071
20250728,205,69,151,7,123,12.541235630806684,16.55476109572402,93.9040032734693
20250728,292,69,582,14,813,121.5585143542217,74.30577569730235,617.135709948476
20250728,968,69,314,7,686,24.633139711535367,99.85355783193768,561.513302456527
20250728,440,69,190,7,947,21.966241611126577,65.81780445983324,859.2159539290402
20250728,630,69,893,8,601,15.041264970194531,71.0883273602925,514.8704076695129
20250728,196,69,289,18,626,79.29780647206312,63.685924916617466,483.01626861131945
20250728,133,69,420,15,231,6.219469370305068,22.88844209268559,201.89208853700933
20250728,667,69,564,12,422,49.50236171894341,57.36562712377151,315.1320111572851
20250728,439,69,689,12,779,49.08305045979024,91.42663694401466,638.490312596195
20250728,942,69,749,2,290,11.08330261307687,32.619451886520366,246.29724550040277
20250728,893,69,904,3,934,102.11125692770044,74.37936250625478,757.5093805660448
20250728,240,69,881,18,862,54.27720298180662,104.56194419686712,703.1608528213262
20250728,183,69,12,4,404,51.7471249042068,55.645109604688365,296.60776549110483
20250728,927,69,996,1,585,58.196466095237525,79.89929916623176,446.9042347385307
20250728,489,69,766,17,133,10.271196854557964,9.086582031072515,113.64222111436952
20250728,985,69,109,7,279,21.034944936442365,22.011269800598107,235.9537852629595
20250728,976,69,229,1,779,78.1861619718074,104.71893707967055,596.0949009485221
20250728,879,69,21,4,583,19.271220826445724,30.655550700543134,533.0732284730111
20250728,259,69,433,20,397,13.844617283273065,55.53632028819503,327.6190624285319
20250728,685,69,615,10,230,16.170790255421572,17.243228176456796,196.58598156812164
20250728,259,69,935,4,713,65.52670936295034,63.447067485468395,584.0262231515812
20250728,899,69,529,1,593,41.065125711684125,53.34734119965661,498.58753308865926
20250728,1,69,731,18,480,14.602869949989346,65.8187470545333,399.57838299547734
20250728,508,69,669,15,447,41.81924242473351,36.567319135110125,368.61343844015636
20250728,514,69,865,2,833,87.79692464811855,100.68527560697356,644.517799744908
20250728,251,69,824,18,951,25.321117538613297,104.98740016922433,820.6914822921624
20250728,243,69,652,11,435,49.93780769807604,27.040285051445874,358.0219072504781
20250728,196,69,356,6,725,17.27342722775386,53.453193406017526,654.2733793662286
20250728,230,69,69,17,774,86.55690455227443,66.81811104389256,620.624984403833
20250728,962,69,933,5,291,38.04813234643025,27.704757947421346,225.24710970614842
20250728,421,69,683,4,114,15.507687990662411,14.95646284683401,83.53584916250358
20250728,265,69,556,17,107,4.641267915021965,8.553847370687883,93.80488471429015
20250728,677,69,538,14,713,44.230290219384294,64.33797194120528,604.4317378394104
20250728,653,69,469,4,658,69.03760682933284,83.7197436138596,505.2426495568076
20250728,655,69,404,15,642,75.00535833135199,65.12917119953052,501.8654704691175
20250728,637,69,145,9,190,24.648797160810954,11.24057422608729,154.11062861310177
20250728,785,69,95,10,152,6.439477984855856,13.44830384591098,132.11221816923316
20250728,60,69,58,11,635,67.05283230547009,78.2509604472599,489.69620724727
20250728,586,69,567,16,712,18.799100894021453,101.19396756706524,592.0069315389132
20250728,881,69,956,6,757,38.502793600428774,40.99230229642187,677.5049041031493
20250728,324,69,801,13,804,101.81562400518327,45.16148230218783,657.0228936926289
20250728,337,69,351,7,413,36.3396051083279,60.39840226551356,316.26199262615853
20250728,887,69,105,6,776,16.77635388824398,45.13988834601338,714.0837577657427
20250728,836,69,768,15,694,87.83271842721521,38.11256484272321,568.0547167300616
20250728,40,69,655,8,946,71.84546458777963,52.74257322438858,821.4119621878318
20250728,914,69,682,16,461,12.694135698891772,51.78706524475937,396.5187990563488
20250728,74,69,896,15,867,48.98959033155995,77.44071953730754,740.5696901311325
20250728,558,69,999,10,727,69.21574548442881,41.08444321455348,616.6998113010177
20250728,791,69,901,15,685,52.919256763281034,100.08837760346596,531.992365633253
20250728,84,69,669,17,968,20.103752882903045,113.48649318190078,834.4097539351961
20250728,88,69,767,6,475,47.45570877499704,38.39924056349333,389.14505066150963
20250728,639,69,53,4,330,39.80170124332674,37.71375790143471,252.48454085523855
20250728,387,69,643,6,541,78.99318526348162,62.775776193337904,399.2310385431805
20250728,406,69,932,16,108,2.5319963194622774,14.237335173514866,91.23066850702286
20250728,356,69,607,18,211,8.10729197051034,10.938513498308573,191.9541945311811
20250728,955,69,586,4,434,60.793730289711405,55.91072768576063,317.295542024528
20250728,900,69,51,12,717,18.702538446656433,46.05227638534155,652.2451851680021
20250728,525,69,918,4,111,14.33010993182421,7.537510059451894,89.1323800087239
20250728,697,69,903,11,877,85.23402109754376,77.65486974765851,714.1111091547978
20250728,291,69,560,12,641,39.98646525760723,34.272980982185686,566.7405537602071
20250728,962,69,558,1,783,78.27470506248274,74.83841419750469,629.8868807400125
20250728,254,69,661,19,694,45.520194217626134,63.75132984139765,584.7284759409762
20250728,141,69,681,20,875,23.078012621729414,95.32488985020944,756.5970975280611
20250728,601,69,256,3,502,60.3213362935258,37.1192531353697,404.5594105711045
20250728,412,69,180,19,697,89.48142768359851,98.35521651706148,509.16335579934
20250728,169,69,256,5,749,51.23886835300289,99.18464330863975,598.5764883383574
20250728,206,69,347,5,256,9.507841365457752,34.75745305138781,211.73470558315444
20250728,77,69,146,10,518,22.551294932225005,76.63882679488378,418.8098782728912
20250728,646,69,376,3,341,15.70639989263358,25.87209759825261,299.4215025091138
20250728,866,69,126,3,320,11.653224834810455,37.418119156321985,270.92865600886756
20250728,555,69,736,6,382,20.90042154470925,31.843274598249923,329.25630385704085
20250728,792,69,570,19,148,18.38422768379478,20.15022298024566,109.46554933595957
20250728,783,69,816,8,166,12.471910073984187,11.732710668237127,141.79537925777868
20250728,109,69,431,20,692,89.51958624271184,63.06514200893216,539.415271748356
20250728,883,69,43,12,980,133.46578635099038,105.23195604826724,741.3022576007425
20250728,92,69,124,4,376,25.301349023054065,37.55183852833512,313.14681244861083
20250728,475,69,841,9,350,11.756570394427794,47.54560532815203,290.6978242774202
20250728,889,69,8,15,813,90.43194888865492,90.38642386513003,632.181627246215
20250728,725,69,360,15,874,120.61796660675354,51.16626051671508,702.2157728765314
20250728,957,69,112,9,326,13.812830376623578,47.459195644813406,264.727973978563
20250728,288,69,305,13,487,41.25371172087045,66.68296320593917,379.0633250731904
20250728,591,69,696,15,653,19.863233063375613,83.10883696528552,550.0279299713388
20250728,443,69,164,19,432,9.246051440276927,29.457931508143552,393.2960170515795
20250728,752,69,690,8,722,59.98482638445394,62.67757614326692,599.3375974722792
20250728,191,69,711,15,730,61.87235702943457,103.99860199283322,564.1290409777322
20250728,349,69,545,11,326,40.685203855198445,19.919247100449383,265.39554904435215
20250728,667,69,700,7,774,27.473531235959832,63.7108113680036,682.8156573960366
20250728,943,69,258,9,747,71.35645890385622,86.04985252608482,589.5936885700589
20250728,458,69,61,3,965,103.73919085918007,101.93656412452538,759.3242450162945
20250728,814,69,52,13,840,72.54950199439786,43.2234657961479,724.2270322094543
20250728,967,69,736,10,920,92.03034878012544,76.06401207437052,751.905639145504
20250728,25,69,543,2,863,70.60236357974205,78.76285040715798,713.6347860131
20250728,362,69,821,10,553,81.30618068676898,64.40155279702387,407.2922665162072
20250728,717,69,561,4,243,12.920101632719751,27.352577843804234,202.727320523476
20250728,643,69,610,16,594,29.184945701494687,80.42658032661099,484.3884739718943
20250728,333,69,666,4,814,58.161539076405475,119.98339103362215,635.8550698899724
20250728,999,69,932,15,239,33.679217699307856,20.031968034181954,185.2888142665102
20250728,888,69,684,13,840,26.1197026474929,42.65718405747901,771.223113295028
20250728,161,69,496,3,840,89.41173652718523,52.22259829366878,698.3656651791459
20250728,491,69,825,13,261,12.03596431976151,15.254130297725547,233.70990538251294
20250728,152,69,109,16,157,15.826720422903227,23.126735990003276,118.0465435870935
20250728,971,69,537,15,716,33.73244034875146,49.72261938066573,632.5449402705829
20250728,316,69,850,4,208,26.15993191543837,18.722778844518164,163.11728924004348
20250728,620,69,966,1,271,27.723542116970744,15.571211452437664,227.7052464305916
20250728,444,69,508,16,739,19.907920187417492,101.73921105612622,617.3528687564562
20250728,715,69,722,8,292,8.146295783766778,15.156569764310253,268.697134451923
20250728,962,69,377,16,504,66.27462294160367,34.83875303494434,402.886624023452
20250728,687,69,41,16,807,63.38678637611966,112.94179613602597,630.6714174878543
20250728,350,69,73,10,977,21.20123480466419,51.69294961183622,904.1058155834996
20250728,521,69,979,11,526,27.301931092565457,59.40330477208909,439.2947641353454
20250728,849,69,501,9,994,140.58621479372732,58.376306440516636,795.0374787657561
20250728,184,69,641,12,211,11.808884448954672,26.464609796459982,172.72650575458533
20250728,10,69,786,7,834,46.33200295854344,49.141591893632054,738.5264051478246
20250728,978,69,643,8,445,52.23323322988176,50.29498996766662,342.4717768024516
20250728,482,69,397,10,631,49.44777903746602,62.33594898957326,519.2162719729607
20250728,809,69,851,12,367,26.299757347919535,25.80215109644824,314.8980915556322
20250728,836,69,853,15,745,76.87806263388585,60.58333315730655,607.5386042088076
20250728,283,69,475,10,221,32.43970586239871,21.75570826430982,166.80458587329147
20250728,870,69,484,16,440,62.54566241546347,56.71565581594615,320.73868176859037
20250728,18,69,70,2,356,52.22689740764294,39.33513725149568,264.4379653408614
20250728,867,69,323,11,954,96.59875065915429,113.7027735795385,743.6984757613072
20250728,889,69,28,4,210,9.554095800585165,26.325200381313472,174.12070381810136
20250728,136,69,157,3,679,67.438938875338,53.35037664050231,558.2106844841596
20250728,148,69,719,8,559,73.86457600953287,72.29792234900144,412.8375016414657
20250728,490,69,917,3,463,43.13779469228686,42.89664290923115,376.965562398482
20250728,103,69,529,14,596,72.17946382319768,35.034914387233556,488.7856217895688
20250728,287,69,388,12,895,106.00788981731783,114.526644118171,674.4654660645111
20250728,957,69,832,5,821,116.83421143350523,107.74793553810392,596.4178530283908
20250728,568,69,797,6,377,38.06812524443322,29.116214022788373,309.8156607327784
20250728,469,69,722,8,324,27.20651470479021,25.342388608057195,271.4510966871526
20250728,102,69,457,5,394,33.55778774556124,35.22398758386199,325.2182246705768
20250728,178,69,591,1,945,73.33080943207733,137.88842775061784,733.7807628173048
20250728,627,69,406,12,728,19.34326288991025,57.49513676589923,651.1616003441906
20250728,652,69,914,20,573,14.223473526275102,69.4876717485082,489.2888547252167
20250728,311,69,480,16,302,18.884933528202456,26.052608833398025,257.0624576383995
20250728,697,69,349,9,972,72.72719041174769,111.97283019324408,787.2999793950082
20250728,2,69,889,1,203,8.087336068507636,12.769207353445525,182.14345657804682
20250728,976,69,563,16,444,52.30706691115159,57.86000892457133,333.8329241642771
20250728,125,69,73,4,888,127.48956743983986,96.0132883098389,664.4971442503213
20250728,900,69,341,6,830,84.66139480993402,120.60042217702232,624.7381830130437
20250728,806,69,846,3,101,14.115722030062571,14.06459174922898,72.81968622070845
20250728,142,69,979,12,762,64.02421050884172,107.18034212564467,590.7954473655136
20250728,244,69,41,6,944,41.46784664376041,53.590773945755465,848.9413794104842
20250728,528,69,117,9,248,20.701237332060504,17.02964393543762,210.26911873250188
20250728,762,69,524,15,486,21.460978653896486,29.500170958210678,435.0388503878928
20250728,391,69,90,4,622,39.17948388484414,92.95432373701311,489.8661923781427
20250728,43,69,527,20,288,16.601636024141342,40.1731795773409,231.22518439851774
20250728,365,69,392,2,678,62.13856342505609,61.713516613032745,554.1479199619112
20250728,731,69,580,20,129,11.55571008827492,10.537456492071989,106.90683341965308
20250728,736,69,53,4,977,31.660489003096064,71.36164130428922,873.9778696926147
20250728,7,69,428,10,710,104.43637096889026,88.72702451378412,516.8366045173257
20250728,753,69,3,10,880,65.67811338538505,108.36499765411327,705.9568889605017
20250728,701,69,210,10,547,24.022501787936463,37.515983320246,485.46151489181756
20250728,101,69,147,18,522,70.40357130255765,77.54450388362906,374.0519248138133
20250728,421,69,306,15,555,11.182645057535714,65.31917153989609,478.4981834025682
20250728,119,69,75,1,346,50.42657462860866,44.14276476053985,251.43066061085148
20250728,682,69,360,16,527,76.60670882930216,39.54195931241865,410.8513318582792
20250728,341,69,600,19,376,28.213885623800934,29.13163383825318,318.6544805379459
20250728,129,69,760,7,609,69.09612272338362,88.06292467251313,451.8409526041032
20250728,383,69,449,18,184,21.027237804827728,22.427922120586434,140.54484007458584
20250728,19,69,357,14,305,22.523970209330933,26.74736009349455,255.72866969717452
20250728,915,69,205,18,958,110.73723201403345,108.87948665065973,738.3832813353068
20250728,154,69,819,4,724,66.12674289396828,76.77758483160542,581.0956722744263
20250728,137,69,593,11,865,19.430560236093786,58.902100605315084,786.6673391585912
20250728,978,69,700,5,508,14.33802387093037,61.078340900287486,432.58363522878216
20250728,926,69,808,11,644,39.49257070851258,78.25073489314742,526.25669439834
20250728,135,69,751,13,389,24.078815344267504,26.324776307007177,338.59640834872533
20250728,4,69,542,13,288,29.01275127603356,38.502975014180066,220.48427370978638
20250728,765,69,606,8,437,50.69015022327652,27.90043708097452,358.409412695749
20250728,207,69,696,12,413,39.764773526241775,31.066572712906055,342.1686537608522
20250728,945,69,986,17,187,19.402788656686116,24.51792271211848,143.0792886311954
20250728,606,69,294,11,757,103.25737931784165,77.0589703434487,576.6836503387096
20250728,556,69,524,16,805,104.83116341191587,73.00473468400007,627.1641019040841
20250728,698,69,72,20,965,25.710838278780784,137.47118780461795,801.8179739166012
20250728,534,69,931,12,734,22.529081268978633,46.828819342810135,664.6420993882112
20250728,361,69,646,12,332,20.430029993159653,21.379903756957045,290.19006624988333
20250728,275,69,158,18,145,7.1019971359428276,17.485518382646326,120.41248448141084
20250728,784,69,859,8,278,19.838078217104986,35.344865574242604,222.81705620865242
20250728,706,69,813,1,722,51.25942052764666,71.60785095255754,599.1327285197958
20250728,50,69,385,5,200,13.989226795125672,10.812935397589259,175.19783780728505
20250728,145,69,406,5,352,52.71132243152287,20.619471741936117,278.669205826541
20250728,831,69,506,16,365,32.829606247372986,25.09881226602749,307.07158148659954
20250728,131,69,326,7,603,64.28277703535375,84.33362618882649,454.3835967758198
20250728,66,69,501,11,685,14.80047789264499,85.69931535679467,584.5002067505603
20250728,440,69,245,1,599,33.041554853185154,84.35294235493394,481.6055027918809
20250728,763,69,283,6,876,70.03230154812496,73.12803775386966,732.8396606980054
20250728,666,69,743,5,722,32.82758094375205,84.08824397018134,605.0841750860666
20250728,347,69,801,5,653,59.61066708124657,91.41459955407518,501.9747333646783
20250728,105,69,139,17,913,80.81788737286558,113.62019206063795,718.5619205664965
20250728,818,69,690,5,118,8.420780865654468,16.01083442921852,93.56838470512702
20250728,523,69,818,15,364,10.39971321382901,28.661740688038233,324.93854609813275
20250728,643,69,846,13,388,53.133457400520264,35.23435037161766,299.6321922278621
20250728,97,69,773,6,705,70.89674204229547,40.73368445697749,593.369573500727
20250728,363,69,703,14,960,85.07720113104756,64.66522870175116,810.2575701672013
20250728,440,69,342,14,412,10.199390711476367,25.692914770002655,376.107694518521
20250728,440,69,105,15,778,73.80883830884062,98.02160242905465,606.1695592621047
20250728,519,69,369,3,419,55.0537651819243,31.971136409576005,331.97509840849966
20250728,267,69,933,6,998,67.23531174669277,101.10540834419102,829.6592799091162
20250728,779,69,21,13,489,44.263972923422294,62.29338941060421,382.4426376659735
20250728,716,69,84,1,800,99.00032587153207,104.98346947542952,596.0162046530384
20250728,706,69,709,12,976,69.61094599132157,134.79954511770111,771.5895088909773
20250728,161,69,418,17,825,106.28436502901417,47.6834886985981,671.0321462723878
20250728,794,69,640,1,731,48.33348186231191,54.831935690489296,627.8345824471987
20250728,476,69,568,3,661,67.78593414142603,71.0172607523612,522.1968051062128
20250728,211,69,249,5,598,65.9773118781836,50.9619468972532,481.06074122456323
20250728,114,69,639,3,957,80.61508912400996,71.6780604566806,804.7068504193094
20250728,403,69,287,8,623,69.94208835896056,92.75519303148103,460.3027186095584
20250728,444,69,444,17,134,5.923239213266039,10.32577775935288,117.75098302738108
20250728,307,69,674,7,628,23.31762964626943,73.33982721563149,531.342543138099
20250728,503,69,335,6,250,29.33347180832814,21.82855400364457,198.8379741880273
20250728,100,69,205,16,620,33.37385319114446,60.57932622109105,526.0468205877645
20250728,162,69,488,8,922,38.944780275054995,80.03975120549943,803.0154685194456
20250728,748,69,315,11,937,25.74169776360261,106.49593943891217,804.7623627974853
20250728,781,69,559,18,220,31.981978453656208,11.795486509285386,176.2225350370584
20250728,338,69,287,5,900,45.43074747549697,45.72170744416711,808.847545080336
20250728,120,69,276,16,469,63.89113005185101,58.03630718444996,347.072562763699
20250728,854,69,20,2,847,121.20911434898092,108.99948672374126,616.7913989272779
20250728,502,69,110,10,331,43.28859257343526,39.510397541239094,248.20100988532565
20250728,919,69,618,2,444,11.544001021835815,26.607574620159667,405.84842435800454
20250728,649,69,68,8,760,98.7783085549556,104.24943089942532,556.9722605456191
20250728,589,69,482,9,184,9.617897579634313,25.43045401599785,148.95164840436783
20250728,168,69,19,19,841,99.7329929949082,98.56962890994619,642.6973780951456
20250728,267,69,392,10,976,103.50495823660275,56.65316412272348,815.8418776406738
20250728,500,69,826,6,294,33.38407844210627,19.476324105865476,241.13959745202826
20250728,511,69,160,18,706,42.838379856238504,74.76245532010896,588.3991648236525
20250728,667,69,699,18,786,111.326351339337,78.297606022371,596.376042638292
20250728,383,69,880,18,785,114.20005663585376,68.45236683631215,602.3475765278341
20250728,925,69,630,7,466,49.458189580626225,48.04307088846199,368.4987395309118
20250728,971,69,668,1,955,20.38454799788758,129.86196571234805,804.7534862897644
20250728,554,69,227,20,629,36.79247524714378,33.838227420640074,558.3692973322161
20250728,883,69,425,3,777,89.16457106681153,56.44787001931534,631.3875589138731
20250728,618,69,469,5,591,74.56862486767726,56.45136888390734,459.9800062484154
20250728,825,69,498,14,998,50.57158677128161,90.54782702132525,856.8805862073932
20250728,521,69,941,20,490,36.527281993220235,32.54021777113246,420.9325002356473
20250728,337,69,479,7,678,21.978401901904565,100.39228962861971,555.6293084694757
20250728,383,69,517,17,303,32.81160372135976,36.895022797601385,233.29337348103886
20250728,848,69,326,10,334,29.88907285712541,20.940496699895977,283.1704304429786
20250728,730,69,936,18,269,26.06769764635483,30.148805765544907,212.78349658810026
20250728,416,69,298,7,441,62.50238930270207,62.3062995354299,316.19131116186804
20250728,62,69,117,2,628,45.6291633809065,48.89141390424739,533.4794227148461
20250728,976,69,467,3,115,13.281297786229603,10.496092599838843,91.22260961393155
20250728,4,69,261,13,830,97.0767785145295,49.454869258501674,683.4683522269688
20250728,31,69,397,14,159,13.072896520449632,19.40420707893409,126.52289640061628
20250728,191,69,358,1,550,50.61006357396376,64.03958559152227,435.35035083451396
20250728,168,69,763,20,204,18.329971004795418,11.767257987094903,173.90277100810968
20250728,6,69,69,1,874,93.8807448741233,106.6279199743687,673.491335151508
20250728,460,69,450,19,605,46.79201791042319,79.35304552231922,478.8549365672576
20250728,557,69,80,10,153,20.18095031529129,10.693326834562397,122.1257228501463
20250728,342,69,324,12,893,127.17717963852283,90.50130289821104,675.3215174632661
20250728,453,69,259,7,790,116.85014366468559,54.075577187132566,619.0742791481819
20250728,322,69,985,1,169,5.818087210379253,17.74273854815602,145.43917424146474
20250728,331,69,608,17,504,74.44440399034315,59.66266079512279,369.8929352145341
20250728,723,69,774,15,918,45.8847056689779,58.61143340525196,813.5038609257701
20250728,99,69,37,3,808,104.60745783721849,109.42610208893555,593.9664400738459
20250728,490,69,535,18,104,13.355757052559566,9.82839381007393,80.81584913736651
20250728,320,69,800,19,527,68.93930043445991,42.977501240480805,415.0831983250593
20250728,979,69,775,4,734,28.256193596535255,65.83462217627644,639.9091842271883
20250728,615,69,507,13,939,20.451732440820425,58.434771718828436,860.1134958403511
20250728,377,69,288,7,655,70.1359985007187,40.45129042883819,544.4127110704432
20250728,573,69,860,1,826,19.717109654832456,61.51979266510059,744.763097680067
20250728,627,69,587,5,859,99.70034978666625,70.07826963566615,689.2213805776676
20250728,420,69,655,3,853,28.548606547989834,73.1899650172358,751.2614284347744
20250728,810,69,855,12,402,52.12346820935403,45.695150835899646,304.1813809547463
20250728,942,69,988,7,115,5.0898230700376725,14.300070993193298,95.61010593676903
20250728,995,69,748,14,334,17.46857929179693,28.640442346211074,287.890978361992
20250728,751,69,494,17,339,45.37088461440855,30.162718351698153,263.46639703389326
20250728,102,69,508,1,721,24.8510766692249,64.99652695791288,631.1523963728622
20250728,771,69,839,13,128,15.621891022849926,17.616808022137235,94.76130095501284
20250728,193,69,645,4,687,82.33958784998937,80.70346387603098,523.9569482739796
20250728,89,69,959,1,899,118.19137240088551,101.46407891771261,679.3445486814019
20250728,376,69,761,5,622,44.94911262731042,87.04375385435692,490.0071335183327
20250728,666,69,266,16,850,60.525577652821184,47.3698781284175,742.1045442187614
20250728,133,69,562,8,680,83.78511445313201,78.64886356140944,517.5660219854585
20250728,235,69,983,4,823,21.489532960580345,111.37600100389542,690.1344660355243
20250728,217,69,797,7,913,73.17117848558048,63.56070606940673,776.2681154450128
20250728,831,69,628,18,852,82.61576064216348,67.94812556823372,701.4361137896028
20250728,496,69,845,9,556,47.95136439969457,66.28769783289717,441.7609377674083
20250728,663,69,151,15,1000,69.35922005260929,136.10795633098627,794.5328236164045
20250728,825,69,810,7,211,21.37418663165821,28.055962481040943,161.56985088730084
20250728,529,69,245,14,203,13.720180618576551,28.502773822675042,160.7770455587484
20250728,615,69,741,10,201,8.917846245991418,19.151047157648403,172.93110659636017
20250728,801,69,57,8,146,18.085210014302692,20.081872325034997,107.8329176606623
20250728,975,69,208,10,984,97.160032590759,68.21936119832675,818.6206062109143
20250728,764,69,738,8,489,26.946957422992856,66.47697807151407,395.5760645054931
20250728,734,69,224,20,154,19.08124355318836,9.416831550327233,125.50192489648441
20250728,186,69,333,15,493,23.118000225103597,64.29726337653594,405.58473639836046
20250728,46,69,657,10,562,75.86541856609692,63.83202219318166,422.3025592407214
20250728,16,69,562,3,147,5.624110438742304,18.32118785093583,123.05470171032186
20250728,21,69,60,12,962,39.249093613194944,118.71112590743057,804.0397804793745
20250728,459,69,269,16,878,82.28802581626978,73.36091395579426,722.3510602279359
20250728,883,69,573,18,143,10.8558906271451,13.887868040326495,118.2562413325284
20250728,819,69,696,1,496,41.02014424281963,67.22318309083441,387.75667266634593
20250728,223,69,762,1,475,15.819320006663347,67.0731011370942,392.10757885624247
20250728,691,69,401,5,153,6.822129244351378,21.51552533747707,124.66234541817155
20250728,125,69,576,18,312,36.076612464803944,39.59337125929982,236.33001627589624
20250728,468,69,773,16,386,12.983724755353222,56.627056575343005,316.3892186693038
20250728,705,69,199,6,964,69.62574950504872,60.87943957123163,833.4948109237197
20250728,554,69,570,9,536,74.64275554197471,48.394010048028704,412.9632344099966
20250728,74,69,126,15,471,24.17824101039054,31.643797759116644,415.1779612304928
20250728,55,69,37,19,622,63.24261843163222,42.444605371883036,516.3127761964847
20250728,826,69,579,3,707,20.32810904603802,65.92208160520603,620.7498093487559
20250728,717,69,584,14,311,7.640688261195091,36.95226591182344,266.40704582698146
20250728,701,69,191,7,763,20.647727289333382,95.60010720768504,646.7521655029816
20250728,613,69,589,12,890,43.18964018885255,125.61284373426652,721.1975160768809
20250728,161,69,311,3,825,35.961598845072054,101.47013691272363,687.5682642422044
20250728,231,69,259,6,658,56.927304308603375,76.74237382366127,524.3303218677354
20250728,718,69,466,16,849,115.28005511366105,91.58975275469317,642.1301921316458
20250728,785,69,367,16,521,70.09007106857351,35.22806253315614,415.68186639827036
20250728,101,69,102,11,371,45.151233988598655,39.25381877950042,286.59494723190096
20250728,919,69,86,5,832,113.19258964513583,87.04974692860912,631.757663426255
20250728,447,69,112,5,599,49.096865457470614,69.76926613104195,480.13386841148747
20250728,186,69,625,2,478,48.84231658068345,63.22404900142822,365.93363441788836
20250728,919,69,663,7,702,74.48983372195917,89.52705157591107,537.9831147021298
20250728,663,69,350,3,619,15.73635091731773,51.86255783475454,551.4010912479278
20250728,589,69,452,15,255,18.734201926703314,22.79449049407814,213.47130757921855
20250728,198,69,767,5,296,42.99749796700149,17.038273384312316,235.96422864868617
20250728,817,69,773,14,904,115.2215003042334,96.68884816569103,692.0896515300756
20250728,656,69,603,9,336,50.32885110352985,36.45615826711851,249.21499062935163
20250728,118,69,335,20,876,58.94028633209318,47.160854605736915,769.8988590621699
20250728,177,69,465,18,444,37.271948935899836,47.918470607534786,358.8095804565654
20250728,572,69,963,19,315,13.032470876164078,32.006598369348595,269.9609307544873
20250728,626,69,835,16,994,51.923317132496024,111.81970919994068,830.2569736675633
20250728,245,69,638,16,481,48.367767546622936,58.37059155995674,374.26164089342035
20250728,331,69,405,1,191,19.44529039027002,22.064933348360732,149.48977626136923
20250728,340,69,455,3,500,56.737226697069374,64.93619532473669,378.32657797819394
20250728,564,69,820,1,399,57.78222368164986,59.69933443803918,281.51844188031095
20250728,363,69,515,11,967,37.01012133798112,117.38745880487872,812.6024198571401
20250728,781,69,747,14,489,18.390395016823685,33.85236467619656,436.7572403069797
20250728,588,69,825,20,280,13.464728736263957,37.74228793679033,228.79298332694572
20250728,716,69,20,11,140,7.553711733390956,8.27670838897798,124.16957987763107
20250728,807,69,657,15,645,17.300889338115887,60.333169146645965,567.3659415152381
20250728,928,69,661,1,228,33.010896732860026,23.386520884255514,171.60258238288446
20250728,870,69,487,1,285,25.904391778413736,31.521610694299962,227.5739975272863
20250728,938,69,534,8,428,24.334556374847892,27.113942973863853,376.5515006512883
20250728,354,69,225,3,952,65.14520162008718,88.72389092669971,798.1309074532131
20250728,583,69,673,16,423,27.870477489971897,26.764705131036877,368.36481737899123
20250728,778,69,153,15,890,65.80188611660292,77.64087233077656,746.5572415526206
20250728,921,69,647,9,832,69.40060336362293,100.7696906116896,661.8297060246875
20250728,727,69,943,9,193,26.35107018969253,11.910657165172577,154.73827264513488
20250728,1,69,159,4,219,13.19434654629886,28.98869080799219,176.81696264570894
20250728,802,69,521,14,810,117.10775919467022,48.830975907901326,644.0612648974285
20250728,16,69,254,15,256,6.911793788622518,32.54101871140307,216.54718749997443
20250728,143,69,503,3,513,11.265304027818196,26.41642540021857,475.31827057196324
20250728,33,69,826,17,724,43.36719831948389,60.1436870166523,620.4891146638638
20250728,826,69,793,19,944,19.113542379165523,55.49430764064619,869.3921499801883
20250728,371,69,409,1,299,40.17778812339806,18.198654565249228,240.62355731135273
20250728,251,69,156,19,431,29.11042292173862,31.7006181094353,370.18895896882606
20250728,44,69,703,10,313,30.22156847092576,34.38474712158546,248.39368440748876
20250728,646,69,247,14,152,5.892029173523892,10.622478637059015,135.4854921894171
20250728,557,69,889,4,261,38.645863417340074,25.46415098875583,196.8899855939041
20250728,160,69,189,5,772,20.611770951839777,64.00463542063017,687.3835936275301
20250728,333,69,183,4,574,40.672573692959276,53.67079502656584,479.65663128047487
20250728,678,69,913,3,163,22.392905980014863,10.222368678089351,130.38472534189577
20250728,378,69,970,7,957,114.55686801964421,139.30366435911773,703.139467621238
20250728,216,69,188,7,947,54.17944573841805,68.91245169406366,823.9081025675183
20250728,781,69,49,2,987,98.99883789181203,123.13839227578596,764.862769832402
20250728,780,69,227,3,283,32.232357736648446,19.845558571560016,230.92208369179156
20250728,199,69,142,18,739,94.42635970107321,47.31661138118164,597.2570289177452
20250728,25,69,269,6,368,9.343931510271565,30.405977779552767,328.25009071017564
20250728,978,69,154,1,532,36.280200209307985,35.90363450380497,459.81616528688704
20250728,659,69,742,13,174,4.706768873038983,9.393969974235798,159.89926115272522
20250728,824,69,216,19,887,121.88073501835373,132.13380444438576,632.9854605372605
20250728,370,69,552,1,533,45.288654180009715,41.607144548339264,446.10420127165105
20250728,916,69,417,15,307,23.06213028113398,33.970882820378215,249.9669868984878
20250728,126,69,972,17,380,39.906611902218444,31.004064812540975,309.0893232852406
20250728,321,69,499,17,990,38.03520868530473,61.318017323350084,890.6467739913452
20250728,243,69,506,2,647,51.459241142455255,70.83342257915433,524.7073362783904
20250728,872,69,329,13,227,5.187720673657722,18.513516967534443,203.29876235880783
20250728,932,69,820,2,711,28.58835112949692,97.2471568947384,585.1644919757647
20250728,852,69,172,20,929,112.85420300770099,112.3999635330119,703.745833459287
20250728,503,69,770,19,699,93.35088560958205,54.91088655727962,550.7382278331384
20250728,552,69,293,16,485,65.76730275730897,43.0988428617771,376.13385438091393
20250728,473,69,728,8,247,5.919963671416016,25.905125229657983,215.174911098926
20250728,974,69,662,7,725,104.08166613718723,42.9835232204278,577.934810642385
20250728,938,69,926,20,961,39.84931924901861,87.13514005348722,834.0155406974942
20250728,583,69,489,4,248,17.02069388568469,14.818828029077224,216.16047808523808
20250728,804,69,468,4,196,11.64722748889382,17.770484660401628,166.58228785070455
20250728,153,69,627,4,694,57.39525066564196,61.305469149875705,575.2992801844823
20250728,864,69,831,10,797,43.02752746607298,57.8274600894203,696.1450124445067
20250728,880,69,300,20,716,97.41321162991021,65.11205066472728,553.4747377053625
20250728,711,69,620,5,255,9.65252942035826,17.316362410557954,228.03110816908378
20250728,873,69,266,2,538,70.05236317105249,65.58994505861442,402.3576917703331
20250728,725,69,858,15,730,88.9320005370293,75.70507147994672,565.362927983024
20250728,127,69,493,5,906,83.61228933367376,55.923883656685724,766.4638270096405
20250728,472,69,227,4,488,65.5062669928693,29.0185745316079,393.4751584755228
20250728,480,69,818,3,561,64.31705391487935,49.89876768041644,446.7841784047042
20250728,172,69,47,8,443,41.30873606437502,24.72338461962092,376.9678793160041
20250728,705,69,126,16,316,46.34429728696943,24.465260482631926,245.19044223039865
20250728,370,69,522,18,532,49.965228884628154,60.676471074896064,421.3583000404758
20250728,122,69,398,15,121,11.756349867448366,11.626610305397879,97.61703982715375
20250728,921,69,331,3,390,27.396947157162593,47.81804733616666,314.78500550667076
20250728,207,69,217,3,517,76.21552375915151,67.7967827423426,372.9876934985059
20250728,437,69,408,5,284,32.83517614788944,40.63725691988506,210.5275669322255
20250728,86,69,729,20,982,127.46886287501039,59.58189540990236,794.9492417150873
20250728,289,69,150,11,464,14.76241972016551,39.26499759350449,409.97258268633
20250728,71,69,47,10,799,33.665672700549024,47.53162267574645,717.8027046237046
20250728,776,69,486,11,539,11.8216587254879,45.28603825895779,481.8923030155543
20250728,198,69,436,16,562,54.198726909296944,38.85426830794751,468.9470047827556
20250728,162,69,524,10,788,48.1982433944193,116.23295884993156,623.5687977556491
20250728,708,69,124,17,148,8.229217506820532,13.696681714622459,126.07410077855701
20250728,708,69,664,14,347,41.67491305735398,29.551679046569774,275.77340789607626
20250728,80,69,988,17,885,105.96824148844047,103.99010221663072,675.0416562949288
20250728,472,69,707,15,431,34.95886288893202,60.189320189065164,335.85181692200285
20250728,154,69,479,20,734,78.30152620353628,66.16071981022627,589.5377539862375
20250728,326,69,198,15,776,36.55681732058245,82.80838887965045,656.6347937997671
20250728,282,69,295,12,113,16.04704951770102,15.753006309951958,81.19994417234702
20250728,240,69,614,10,115,14.180784619710963,16.579135412142968,84.24007996814606
20250728,418,69,209,5,479,44.92463806080962,68.05257378729976,366.0227881518906
20250728,794,69,371,19,881,105.2932741859501,47.5511176103307,728.1556082037192
20250728,19,69,41,11,133,12.999931512624256,10.444562807682386,109.55550567969335
20250728,645,69,859,18,481,17.831280453291562,43.568334356093644,419.6003851906148
20250728,727,69,84,11,389,37.84477318425969,28.13467155945965,323.02055525628066
20250728,114,69,962,2,328,43.26011007184652,28.128772842674607,256.6111170854789
20250728,150,69,634,11,101,10.413159419549771,5.785778814120553,84.80106176632967
20250728,459,69,984,10,377,41.73250529960758,29.031527635774964,306.23596706461745
20250728,33,69,557,3,749,48.72739016796353,59.70492895783844,640.567680874198
20250728,20,69,408,7,237,12.651252875637898,14.571402241913601,209.77734488244852
20250728,455,69,57,5,526,39.549762683241724,71.32054221882545,415.1296950979328
20250728,894,69,378,17,468,62.57388046908982,52.59676807193263,352.82935145897756
20250728,976,69,623,7,682,54.51555398918103,58.44577521102106,569.038670799798
20250728,364,69,35,10,933,122.55351484262872,128.59771163537303,681.8487735219983
20250728,951,69,70,11,544,37.32200426799547,55.84450834731301,450.8334873846915
20250728,568,69,995,11,883,36.14984967968698,100.55755375847087,746.2925965618422
20250728,422,69,323,9,320,33.27142437707452,22.692999154754,264.0355764681715
20250728,253,69,52,14,851,38.181683181714014,81.56188527059928,731.2564315476867
20250728,580,69,612,6,465,56.96547353881002,57.16221844716377,350.8723080140262
20250728,425,69,375,9,621,82.64761545486888,50.910333094877515,487.4420514502536
20250728,2,69,408,19,727,32.85884229799082,44.10487091346782,650.0362867885414
20250728,467,69,14,11,156,10.201203704260994,9.307591915839929,136.49120437989907
20250728,508,69,637,12,335,41.701327669672885,45.01182666751116,248.28684566281595
20250728,107,69,402,4,827,75.2707273750476,75.22272993808923,676.5065426868632
20250728,715,69,100,14,388,38.37352852940475,24.521704808373645,325.1047666622216
20250728,708,69,811,20,292,36.64800807699103,32.73218941923974,222.61980250376922
20250728,349,69,447,12,886,75.72267678072643,103.05980759313965,707.217515626134
20250728,384,69,1,11,368,36.96555000174312,43.394224982981626,287.6402250152753
20250728,510,69,22,7,241,28.602346583034024,19.29522306377863,193.10243035318734
20250728,144,69,836,18,503,45.95550870045148,68.87990386008414,388.1645874394644
20250728,451,69,23,10,331,26.21012639366806,16.97856148448914,287.8113121218428
20250728,486,69,282,15,291,23.89851237179961,26.748204577609744,240.35328305059065
20250728,581,69,686,4,861,31.921032801153608,64.34084593124417,764.7381212676022
20250728,842,69,104,12,237,8.558028795279917,21.6057452814083,206.8362259233118
20250728,632,69,508,11,547,23.773360235137076,37.433472608943,485.79316715591995
20250728,440,69,929,3,953,64.12729632208645,109.24538487145261,779.627318806461
20250728,156,69,495,17,329,32.66726600193774,22.866222019360283,273.466511978702
20250728,424,69,278,3,143,14.203452383169195,20.99018217369401,107.8063654431368
20250728,264,69,633,12,152,9.631041901449368,17.165152980271547,125.20380511827909
20250728,352,69,553,13,515,38.04616483827309,32.74492700952973,444.2089081521972
20250728,661,69,338,14,122,5.871793487157518,12.430724806060008,103.69748170678247
20250728,852,69,119,7,601,49.0841981448526,31.555932556350495,520.3598692987969
20250728,876,69,432,11,454,28.64255401176271,53.772563938261065,371.5848820499762
20250728,874,69,572,10,107,8.80049800062676,8.312453457745583,89.88704854162765
20250728,134,69,838,19,497,15.711961935929097,39.56099595982961,441.72704210424126
20250728,935,69,296,16,972,71.5764240439488,77.16700817471641,823.2565677813348
20250728,886,69,114,14,476,44.888543756445785,33.861941920368125,397.2495143231861
20250728,625,69,369,12,884,58.32964627951167,87.7664273335672,737.9039263869212
20250728,887,69,950,2,212,18.826165116329673,21.37506251934858,171.79877236432174
20250728,663,69,955,1,990,92.02551241470266,98.22334481661213,799.7511427686852
20250728,339,69,919,12,242,30.371174027031735,30.277031497306155,181.3517944756621
20250728,599,69,597,12,666,54.49745332715902,78.04608344007599,533.4564632327649
20250728,15,69,822,15,709,75.61299747181508,69.53165643989605,563.8553460882888
20250728,392,69,804,18,966,63.20039255061604,49.392978964577,853.406628484807
20250728,302,69,38,14,146,19.975902034721415,19.84121509383507,106.18288287144351
20250728,496,69,975,14,489,59.26601002071594,67.73796654647094,361.9960234328131
20250728,671,69,863,15,883,116.5319631609406,131.12673310735204,635.3413037317073
20250728,594,69,583,19,486,68.91121152379189,53.21035117427844,363.8784373019297
20250728,451,69,610,5,507,41.30646513433001,69.68837532973131,396.0051595359387
20250728,492,69,505,15,702,67.13464048441905,86.23592815255994,548.629431363021
20250728,141,69,151,11,290,6.070723250701595,19.867169818873318,264.0621069304251
20250728,300,69,487,19,729,69.50534915393567,70.49155564182958,589.0030952042348
20250728,764,69,424,5,163,21.180498898651166,16.258303145521595,125.56119795582724
20250728,787,69,123,8,392,18.71314551077278,55.18165532145796,318.10519916776923
20250728,285,69,212,7,248,29.59983690262882,20.76834106762786,197.63182202974332
20250728,886,69,283,2,668,24.307455556856937,64.16282592747575,579.5297185156674
20250728,519,69,501,20,749,108.65295261086335,107.39177093599167,532.955276453145
20250728,547,69,904,14,626,76.06008020365877,56.40128003404472,493.5386397622965
20250728,659,69,870,7,469,61.312040157980086,35.13572669635686,372.5522331456631
20250728,876,69,433,1,352,50.35566416608486,42.92680690910805,258.7175289248071
20250728,63,69,485,13,629,85.62989379243469,88.65839481903568,454.71171138852964
20250728,787,69,663,20,380,36.637065164804454,33.56628936953784,309.7966454656577
20250728,279,69,669,10,426,51.24266695258796,53.60045258681551,321.15688046059654
20250728,877,69,60,18,650,53.914946563396725,89.93398159902645,506.1510718375768
20250728,238,69,347,11,304,17.024227257389494,34.162074362306114,252.8136983803044
20250728,176,69,910,9,849,72.6420154359405,83.15620656050376,693.2017780035558
20250728,332,69,938,5,921,42.23811760279109,106.21708604206377,772.5447963551451
20250728,799,69,946,2,719,19.831942273659358,94.08009933183584,605.0879583945048
20250728,805,69,195,1,952,79.87472570511274,96.18151340442701,775.9437608904602
20250728,770,69,325,13,816,106.23279493589344,103.76639125700203,606.0008138071046
20250728,27,69,949,1,645,61.48184473180514,85.10770822503068,498.4104470431642
20250728,317,69,9,19,869,79.69912460798517,117.52191438330819,671.7789610087066
20250728,774,69,966,1,408,19.362553702498076,35.54412795306895,353.093318344433
20250728,92,69,144,9,825,104.32211040516414,107.6078667663097,613.0700228285261
20250728,876,69,797,7,509,44.123097292580184,36.48189222217282,428.395010485247
20250728,632,69,900,19,671,95.71758212895033,95.36348363947874,479.9189342315709
20250728,969,69,971,8,436,10.143050324237956,41.922175481640835,383.9347741941212
20250728,76,69,325,19,881,25.816588364594086,89.21188794629806,765.9715236891078
20250728,220,69,714,7,398,10.990028419038286,24.746893436658674,362.26307814430305
20250728,985,69,421,9,918,96.31881540968894,97.84214428063271,723.8390403096784
20250728,17,69,298,14,696,48.88983302935577,79.42564208238537,567.6845248882589
20250728,944,69,213,14,518,29.30976914448181,26.407509471079642,462.28272138443856
20250728,358,69,262,15,591,20.336439267289826,77.8432975279008,492.8202632048094
20250728,339,69,235,9,441,58.514652268163175,36.369086050041005,346.11626168179583
20250728,558,69,1,8,669,59.30325656493351,95.76015430741812,513.9365891276484
20250728,108,69,411,2,193,26.25405041008779,15.035465114548415,151.71048447536378
20250728,887,69,183,7,590,80.14468478412779,55.520233132122065,454.33508208375014
20250728,203,69,298,1,103,2.5699085413756926,5.37481609938337,95.05527535924094
20250728,992,69,424,20,273,28.820196302518195,17.948955853776837,226.23084784370496
20250728,837,69,434,16,304,27.456521626608033,25.782790347315903,250.76068802607608
20250728,843,69,258,6,923,41.81097701254535,88.5316012430968,792.6574217443579
20250728,395,69,175,7,190,12.964781002690529,18.037399508383505,158.99781948892596
20250728,560,69,902,13,411,35.92091434020093,38.36744741055506,336.711638249244
20250728,689,69,576,8,676,42.67223274656155,34.29344452221779,599.0343227312206
20250728,85,69,595,7,833,30.109923196091675,58.22326828279289,744.6668085211154
20250728,62,69,202,16,366,13.415425792936865,47.06501138293795,305.51956282412516
20250728,809,69,345,15,531,18.222651229008978,72.74788920029411,440.02945957069693
20250728,997,69,704,3,284,38.01835416605024,20.070503925824017,225.91114190812573
20250728,860,69,198,17,251,29.70686818603929,35.2997710917508,185.9933607222099
20250728,124,69,910,19,761,82.8591247351987,95.91982863760336,582.2210466271979
20250728,725,69,880,8,775,36.46743466099558,95.36916184215185,643.1634034968525
20250728,47,69,855,7,337,28.69276999870613,37.68935220136933,270.61787779992454
20250728,530,69,709,5,234,35.046259523992546,22.14284228616104,176.8108981898464
20250728,977,69,889,7,571,58.191255545716075,48.02373632457275,464.7850081297112
20250728,685,69,983,8,307,26.391176903913372,21.46822492681038,259.14059816927625
20250728,519,69,518,3,853,60.94960666330681,88.53196531065504,703.5184280260381
20250728,801,69,394,6,522,17.228469890125872,59.04937683354938,445.7221532763248
20250728,353,69,784,6,891,110.74991194810941,50.184437791712234,730.0656502601784
20250728,220,69,339,12,510,22.96418144697799,63.179483494367965,423.85633505865405
20250728,352,69,998,19,825,84.84961806132493,65.51486812989579,674.6355138087793
20250728,125,69,171,9,631,52.406066338090625,91.90292670841286,486.6910069534965
20250728,418,69,102,5,997,97.81208920232989,70.33411027067257,828.8538005269975
20250728,443,69,277,3,206,11.545317380835709,26.404757018708064,168.04992560045622
20250728,37,69,601,9,924,93.73643171561454,65.38623070888484,764.8773375755006
20250728,895,69,992,11,562,62.38289209199051,62.98155482400427,436.6355530840052
20250728,168,69,780,14,372,34.88053633539576,21.71875187740375,315.4007117872005
20250728,668,69,418,1,840,74.1353652295171,54.64488443149139,711.2197503389915
20250728,137,69,856,15,892,22.81579092389347,103.01696077875405,766.1672482973524
20250728,218,69,310,17,719,22.46425967859394,87.98114101574187,608.5545993056642
20250728,363,69,482,7,512,59.64606733115361,35.31847320383099,417.0354594650154
20250728,198,69,408,12,379,43.07284732587622,54.0062186624837,281.9209340116401
20250728,952,69,566,6,338,14.045918654050455,44.552661362161224,279.40141998378834
20250728,490,69,761,14,409,25.730438710440644,60.506467828151465,322.7630934614079
20250728,928,69,144,19,792,48.40260869171502,112.00865026291524,631.5887410453697
20250728,718,69,762,19,743,49.80686296478211,63.428808757363115,629.7643282778548
20250728,823,69,159,9,162,15.514147407653047,17.762519047321934,128.723333545025
20250728,175,69,331,16,383,43.14690880720923,20.118109211192944,319.7349819815978
20250728,570,69,999,1,386,37.968939331297186,25.43858600629013,322.59247466241266
20250728,322,69,456,1,817,99.78439242716905,103.25927629637707,613.9563312764539
20250728,570,69,44,17,834,27.056464773593405,50.01273246923678,756.9308027571698
20250728,769,69,866,9,431,10.272974040619536,24.530611017327043,396.1964149420534
20250728,603,69,949,11,587,29.95914099247128,53.55268529570253,503.4881737118262
20250728,815,69,783,2,827,111.44923346856486,85.72435363375544,629.8264128976797
20250728,748,69,69,16,571,64.57653481859919,32.05599458882905,474.36747059257175
20250728,728,69,658,3,521,58.94308824096013,50.495366460072866,411.561545298967
20250728,4,69,856,8,786,31.397794718153047,98.46420450279041,656.1380007790565
20250728,848,69,870,11,912,21.89959507583679,132.26731099851872,757.8330939256444
20250728,703,69,196,2,146,4.453575404966926,13.14841004136805,128.39801455366504
20250728,125,69,324,1,916,124.86045699183943,97.65981859770612,693.4797244104544
20250728,763,69,776,17,527,58.251158587158685,29.313282737313443,439.4355586755279
20250728,200,69,730,4,146,14.202765297536894,21.178236139694057,110.61899856276905
20250728,949,69,764,7,310,31.86499784764587,46.18380615379892,231.9511959985552
20250728,408,69,519,4,219,19.061547295557215,24.89521611563835,175.04323658880443
20250728,578,69,343,8,913,108.77912582128522,81.4981635582835,722.7227106204313
20250728,701,69,252,9,915,94.38669405056073,53.42829125889709,767.1850146905422
20250728,987,69,528,17,438,65.28705061948646,59.42853991736796,313.2844094631456
20250728,890,69,266,4,127,5.6361022681111255,12.583175171167088,108.78072256072178
20250728,574,69,739,9,889,68.70921212895232,122.96919006103337,697.3215978100143
20250728,595,69,84,1,287,11.045294453843566,31.041394303371288,244.91331124278514
20250728,136,69,272,10,441,40.862545424504205,55.998943497809805,344.13851107768596
20250728,5,69,866,1,792,87.14966895489633,67.9508647057634,636.8994663393403
20250728,389,69,520,17,835,80.19502257068058,41.93020552926087,712.8747719000586
20250728,561,69,778,9,655,60.53958261233979,60.33229242731641,534.1281249603438
20250728,923,69,846,20,841,51.89640969844068,79.96965262144268,709.1339376801167
20250728,93,69,602,14,159,12.035484510273601,13.364393936881124,133.60012155284528
20250728,936,69,808,13,680,77.1352805255789,91.31848176493263,511.5462377094885
20250728,366,69,838,4,264,7.194738696526663,28.862064664384814,227.9431966390885
20250728,138,69,339,19,744,108.85914744581615,58.01738711136836,577.1234654428155
20250728,160,69,416,10,375,19.725104909182637,50.06369932489188,305.2111957659255
20250728,34,69,322,12,563,31.69110032321133,41.83300889112942,489.47589078565926
20250728,759,69,577,8,311,26.795923970968285,33.57438944728958,250.62968658174213
20250728,223,69,736,16,780,104.8649465761501,82.53681579359174,592.5982376302582
20250728,805,69,852,15,151,14.239253760741086,14.798992284258365,121.96175395500055
20250728,529,69,358,14,883,101.67812043369372,80.13876186907541,701.1831176972308
20250728,77,69,157,2,645,16.02336224454972,86.6159034423628,542.3607343130875
20250728,697,69,121,2,134,2.7116978249702384,10.178766894455176,121.10953528057459
20250728,168,69,121,17,582,63.71473854368658,46.86361370875118,471.42164774756225
20250728,567,69,46,4,163,13.320934796935914,17.99015734263499,131.68890786042908
20250728,247,69,69,17,333,38.53078471019665,26.165681789256453,268.3035335005469
20250728,173,69,943,19,187,16.2767668865721,14.065512660691828,156.65772045273607
20250728,753,69,767,13,970,131.91049342696004,92.05989607757934,746.0296104954606
20250728,240,69,647,1,933,42.06115204212401,84.17894680992083,806.7599011479551
20250728,186,69,328,16,924,59.66862126156616,60.74761299598326,803.5837657424506
20250728,814,69,848,1,302,16.929443520294782,30.659307310177436,254.41124916952776
20250728,347,69,252,4,162,22.881262412056785,17.216679258067636,121.90205832987559
20250728,572,69,318,15,639,81.983631016205,66.66161385549563,490.35475512829936
20250728,211,69,679,8,311,7.5074971421117365,26.74085174438291,276.7516511135054
20250728,837,69,892,1,257,9.142998404517355,28.55619488639647,219.30080670908617
20250728,819,69,702,19,474,64.81431341978723,41.49452591466009,367.6911606655527
20250728,575,69,731,6,554,68.13452563486663,32.547001950580444,453.31847241455296
20250728,611,69,631,5,577,31.942294491425294,48.23109713513655,496.82660837343815
20250728,685,69,277,5,893,23.565010226563526,117.26090282557892,752.1740869478575
20250728,534,69,163,1,573,44.073263784343006,49.30189115551753,479.6248450601395
20250728,104,69,741,15,899,25.04050386018519,117.21798386076512,756.7415122790496
20250728,135,69,383,6,719,57.19785734031406,50.55005982950486,611.252082830181
20250728,340,69,256,9,733,54.776450769674724,45.05456587114669,633.1689833591786
20250728,485,69,651,12,884,70.2323522107075,107.4512727386907,706.3163750506018
20250728,446,69,83,17,196,18.569412072170216,11.298330082119472,166.1322578457103
20250728,292,69,321,2,685,14.546607172475866,67.13323643103531,603.3201563964888
20250728,118,69,809,2,705,101.01991573747512,75.2476328949448,528.7324513675801
20250728,980,69,614,13,856,91.01120320586408,121.28072671701082,643.7080700771251
20250728,195,69,79,3,538,79.52940475284313,40.852173921419,417.61842132573787
20250728,536,69,880,8,847,95.94560382053065,62.87178288237268,688.1826132970966
20250728,138,69,344,9,285,35.145848808391904,39.05773823871655,210.79641295289156
20250728,744,69,121,8,958,64.1308435066159,119.15098708359747,774.7181694097867
20250728,641,69,608,17,744,78.50436500873208,52.39813584939429,613.0974991418736
20250728,833,69,974,4,387,16.54012903432604,20.01326382313255,350.44660714254144
20250728,285,69,139,11,660,74.72786904940932,37.24812411932349,548.0240068312672
20250728,894,69,228,6,581,82.49608931507584,30.62773523652603,467.87617544839816
20250728,702,69,845,18,312,34.624170423513085,28.430794721200943,248.94503485528597
20250728,790,69,229,1,658,88.48957492396912,54.66947023747054,514.8409548385604
20250728,832,69,410,18,238,6.461341065064101,33.99046638608322,197.54819254885268
20250728,636,69,404,1,301,21.740774198550895,45.07499753023596,234.18422827121316
20250728,32,69,503,17,464,46.56371614433628,38.249970914957615,379.1863129407061
20250728,88,69,444,19,725,73.53652438880528,75.82358091458441,575.6398946966103
20250728,659,69,180,16,416,45.68829270555828,52.67456601857052,317.63714127587116
20250728,84,69,377,3,296,44.366423451503266,22.630807928013574,229.00276862048315
20250728,170,69,537,1,121,3.8388884175235254,11.265604451068926,105.89550713140756
20250728,4,69,271,14,622,78.69006313171595,88.05194512520654,455.2579917430775
20250728,325,69,374,20,931,88.63976156775011,113.91180626184124,728.4484321704086
20250728,601,69,242,2,221,18.129495271590745,24.579415934493966,178.2910887939153
20250728,467,69,724,12,197,7.817796935909751,18.957805722820172,170.22439734127008
20250728,759,69,437,15,303,10.054121180690395,21.481243666437912,271.46463515287167
20250728,867,69,547,1,282,30.362134683160463,19.814720079252623,231.8231452375869
20250728,8,69,956,14,198,24.580880562437883,24.663458876658368,148.75566056090375
20250728,462,69,217,18,108,6.743797581911035,13.52286682401756,87.7333355940714
20250728,384,69,562,2,366,43.30408906513495,25.55156825796312,297.14434267690194
20250728,351,69,622,6,794,75.47598889551442,68.25351036785888,650.2705007366267
20250728,82,69,42,3,169,18.174681009745225,11.369232508151832,139.45608648210293
20250728,774,69,832,5,849,76.07507240581563,90.27971654541388,682.6452110487705
20250728,118,69,249,6,138,18.130097792685405,11.297885167942143,108.57201703937245
20250728,290,69,26,16,466,20.058713638320366,54.02777105695134,391.9135153047283
20250728,915,69,388,17,503,69.13495772089115,28.124469586412065,405.7405726926968
20250728,215,69,558,9,601,14.90541954961405,54.44643505694071,531.6481453934452
20250728,429,69,673,2,825,57.97531025029886,110.65009064835846,656.3745991013427
20250728,640,69,930,4,387,27.828252693209443,22.140623214112345,337.0311240926782
20250728,459,69,510,1,676,67.59854937560502,79.86994976369375,528.5315008607013
20250728,450,69,307,5,591,82.93304010521227,41.84010466477611,466.2268552300116
20250728,314,69,957,3,998,23.922131892548716,146.96539423044464,827.1124738770067
20250728,138,69,403,20,926,89.53293949554627,132.18129453559325,704.2857659688605
20250728,867,69,524,16,992,101.64015750489371,141.4288344611806,748.9310080339258
20250728,357,69,865,1,795,59.03471707248049,78.13371111384932,657.8315718136702
